idx,name,address,latitude,longitude,is_shown_user,input_wastes,devices,display_devices,reg_at,region_1,region_2,image_url
3,업사이클에코센터,"인천광역시 미추홀구 매소홀로290번길 7""",37.4432153,126.6553661,true,[],[],[],2018-02-06 00:24:21,,,
4,임오동주민센터,"경상북도 구미시 임은길 61 임오동사무소""",36.0892718,128.3692414,true,[],[],[],2018-02-06 03:16:48,,,
5,상모사곡동주민센터,"경상북도 구미시 상사서로 199 상모사곡동사무소""",36.099713,128.3578956,true,[],[],[],2018-02-06 03:27:38,,,
6,형곡시립도서관,"경상북도 구미시 경은로 85 구미시립도서관""",36.1131072,128.3361809,true,[],[],[],2018-02-06 03:28:44,,,
7,선주원남동주민센터,"경상북도 구미시 봉곡로 42 선주원남동사무소""",36.1425881,128.3101952,true,[],[],[],2018-02-06 03:29:44,,,
8,봉곡테마공원,"경상북도 구미시 봉곡동""",36.150563,128.3138658,true,[],[],[],2018-02-06 03:30:26,,,
9,원호민원봉사실,"경상북도 구미시 문장로 182""",36.1496101,128.3310628,true,[],[],[],2018-02-06 03:31:03,,,
10,휴먼시아아파트,"경상북도 의성군 의성읍 동서1길 114 상리휴먼시아""",36.3501295,128.7082619,true,[],[],[],2018-03-14 06:24:55,,,
11,의성초등학교,"경상북도 의성군 의성읍 후죽리 530-1""",36.3520845,128.6955267,true,[],[],[],2018-04-19 08:59:25,,,
13,어름수변공원,"충청남도 당진시 대덕동 1809""",36.884132188163385,126.64256395051478,true,[],[],[],2018-05-29 07:41:25,,,
18,광진광장,"서울특별시 광진구 군자동 346-42""",37.547941045783645,127.07322996009736,true,[],[],[],2018-07-10 02:10:26,,,
19,구의3동주민센터,"서울특별시 광진구 강변역로 17 구의3동 복합청사""",37.5380524,127.0920163,true,[],[],[],2018-07-10 02:11:25,,,
20,사려니숲길-자판기옆,"제주특별자치도 서귀포시 표선면 가시리 산 158""",33.395096115401486,126.68473845492254,true,[],[],[],2018-10-02 04:29:27,,,
22,사려니숲길-화장실옆,"제주특별자치도 서귀포시 표선면 가시리 산 158-4""",33.3951713343846,126.685067629425,true,[],[],[],2018-10-02 05:00:36,,,
24,강동구청 성안별관,"서울특별시 강동구 성내로3가길 19""",37.530683282893,127.123965277528,true,[],[],[],2018-10-02 06:53:32,,,
25,성일초등학교,"서울특별시 강동구 성내로15길 33 성일스포츠센터 앞""",37.5286373,127.1284635,true,[],[],[],2018-10-02 07:18:13,,,
27,해양공원,"전라남도 여수시 종화동 526-7""",34.73879483707378,127.74533819188586,true,[],[],[],2019-01-30 03:32:40,,,
28,이순신광장,"전라남도 여수시 이순신광장로""",34.7392178,127.7362481,true,[],[],[],2019-01-30 03:34:02,,,
29,여수시청,"전라남도 여수시 시청동1길 30""",34.759437,127.6633282,true,[],[],[],2019-01-30 03:36:18,,,
30,거북선공원,"전라남도 여수시 선소로 93 전기차충전소 뒷편""",34.7617408,127.6676801,true,[],[],[],2019-01-30 03:36:55,,,
37,망우역,"서울특별시 중랑구 상봉동 500-1""",37.59844863797278,127.092379924489,true,[],[],[],2019-06-11 02:48:34,,,
39,고양관광정보센터,"경기도 고양시 일산동구 중앙로 1271-1""",37.6594810482606,126.7726919751048,true,[],[],[],2019-06-11 02:52:53,,,
40,이수흥공원,"경기도 이천시 창전동""",37.2823774,127.4420097,true,[],[],[],2019-06-11 03:38:07,,,
41,상무시민공원,"광주광역시 서구 치평동 1162""",35.153570941986715,126.84218149335008,true,[],[],[],2019-06-11 03:50:44,,,
42,동내면사무소,"강원특별자치도 춘천시 동내면 동내로 78""",37.8478551,127.7611148,true,[],[],[],2019-06-11 03:50:58,,,
43,효자1동주민센터,"강원특별자치도 춘천시 효자상길 9""",37.8721719,127.7275698,true,[],[],[],2019-06-11 03:51:13,,,
44,춘천시청,"강원특별자치도 춘천시 시청길 11""",37.8805675277616,127.7296109831504,true,[],[],[],2019-06-11 03:51:33,,,
45,신사우동주민센터,"강원특별자치도 춘천시 사우4길 28""",37.9059423,127.7278715,true,[],[],[],2019-06-19 02:38:20,,,
46,약사명동주민센터,"강원특별자치도 춘천시 망대길 9""",37.8765662,127.7248152,true,[],[],[],2019-06-19 02:38:53,,,
47,낙성대동주민센터,"서울특별시 관악구 낙성대로4가길 5 낙성대동주민센터""",37.4762949,126.9583967,true,[],[],[],2019-06-19 02:39:58,,,
48,하나로마트일도점,"제주특별자치도 제주시 남광로 206""",33.503761567786505,126.55268786362696,true,[],[],[],2019-08-23 07:20:07,,,
49,관음사 야영장 클린하우스 안,"제주특별자치도 제주시 산록북로 588""",33.421520407832126,126.5496963564078,true,[],[],[],2019-08-23 07:20:19,,,
50,하나로마트노형점,"제주특별자치도 제주시 월광로 77""",33.48766119327324,126.46767812498987,true,[],[],[],2019-08-23 07:20:35,,,
51,제주시 성판악 등산로 클린하우스,"제주특별자치도 제주시 조천읍 516로 1865""",33.384503474730415,126.61929057380092,true,[],[],[],2019-08-23 07:20:47,,,
55,강서구청,"서울특별시 강서구 화곡로 302""",37.5509646154307,126.849533759513,true,[],[],[],2019-09-27 01:43:30,,,
56,강서구민회관,"서울특별시 강서구 우장산로 66 강서구민회관""",37.5535715,126.8433474,true,[],[],[],2019-09-27 01:43:54,,,
57,가양레포츠센터,"서울특별시 강서구 가양동 1493""",37.5596943,126.865198,true,[],[],[],2019-09-27 01:44:22,,,
60,국사봉중학교(포인트 적립 불가),"서울특별시 동작구 양녕로20길 20 국사봉중학교""",37.493623,126.9441019,true,[],[],[],2019-09-27 01:46:48,,,
61,세븐일레븐롯데월드몰수족관점,"서울특별시 송파구 올림픽로 300 롯데월드몰 지하 1층 GATE20""",37.5134981,127.1040702,true,[],[],[],2019-09-27 01:47:10,,,
62,세븐일레븐 도선카페점,서울특별시 성동구 왕십리로 326,37.5628379,127.0340538,true,[],[],[],2019-09-27 01:48:00,,,
71,대학동주민센터,"서울특별시 관악구 신림로 111 대학동주민센터""",37.4706113,126.9369739,true,[],[],[],2020-01-14 06:10:57,,,
72,드림스타트센터,"전라남도 광양시 정수2길 47 광영동사무소""",34.9628962,127.7219827,true,[],[],[],2020-01-14 06:11:12,,,
73,백운쇼핑센터,"전라남도 광양시 폭포사랑길 99""",34.9402886,127.7322355,true,[],[],[],2020-01-14 06:11:24,,,
74,중마동주민센터,"전라남도 광양시 중마중앙로 119 중마동사무소""",34.9410142,127.6976752,true,[],[],[],2020-01-14 06:11:38,,,
75,광양읍사무소,"전라남도 광양시 광양읍 남등길 6 광양읍사무소""",34.9733971,127.5810568,true,[],[],[],2020-01-14 06:11:51,,,
77,선원공원,"전라남도 여수시 무선 7길""",34.773792,127.6510397,true,[],[],[],2020-05-01 02:51:04,,,
78,소호요트경기장,전라남도 여수시 소호동,34.7387836,127.650754,true,[],[],[],2020-05-01 02:51:39,,,
79,미평공원,전라남도 여수시 미평동,34.7679181,127.7033991,true,[],[],[],2020-05-01 02:52:29,,,
80,웅천친수공원,전라남도 여수시 예울마루로 37-40,34.747301,127.6680462,true,[],[],[],2020-05-01 02:53:21,,,
81,서강동주민센터,"전라남도 여수시 서교1길 28 서강동주민자치센터""",34.7411441,127.7258934,true,[],[],[],2020-05-01 02:54:48,,,
82,미평클린하우스,"전라남도 여수시 미평11길 6""",34.769304,127.705117,true,[],[],[],2020-05-01 02:56:26,,,
83,한림대,"강원특별자치도 춘천시 한림대학길 1""",37.886586,127.7401306,true,[],[],[],2020-06-12 00:04:53,,,
84,석사공원,"강원특별자치도 춘천시 석사동 731""",37.8665881,127.7544093,true,[],[],[],2020-06-12 00:05:19,,,
85,연지공원,"경상남도 김해시 금관대로1368번길 9""",35.2446931,128.8698703,true,[],[],[],2020-06-12 00:05:39,,,
87,고창실내체육관,"전라북도 고창군 고창읍 55-2""",35.4354939,126.7067707,true,[],[],[],2020-06-12 00:06:56,,,
88,강남동행정복지관,"강원특별자치도 춘천시 온의동 6-37""",37.8680384,127.7193904,true,[],[],[],2020-06-12 00:07:55,,,
89,신북읍행정복지센터,"강원특별자치도 춘천시 신북읍 율문길 75""",37.9258827,127.7462326,true,[],[],[],2020-06-12 00:08:19,,,
90,평생학습관,"강원특별자치도 삼척시 청석로3길 16-41""",37.4490586,129.178091,true,[],[],[],2020-06-12 00:09:15,,,
91,정라동행정복지센터,"강원특별자치도 삼척시 새천년도로 16""",37.4360724,129.1845269,true,[],[],[],2020-06-12 00:09:53,,,
92,삼척시청별관주차장,"강원특별자치도 삼척시 교동 695""",37.4489282,129.1642743,true,[],[],[],2020-06-12 00:10:15,,,
93,홈플러스삼척점,"강원특별자치도 삼척시 중앙로 258 홈플러스""",37.4464341,129.1683278,true,[],[],[],2020-06-12 00:10:31,,,
94,성내동행정복지센터,"강원특별자치도 삼척시 대학로 57""",37.44621529598136,129.1629287958522,true,[],[],[],2020-06-12 00:11:08,,,
95,남양동행정복지센터,"강원특별자치도 삼척시 남양길 11""",37.4425644575852,129.168465969137,true,[],[],[],2020-06-12 00:11:29,,,
96,암사유적지,"서울특별시 강동구 올림픽로 875""",37.5605464139303,127.130257802123,true,[],[],[],2020-06-12 00:11:55,,,
97,다산동주민센터,"서울특별시 중구 동호로15길 50 다산동주민센터""",37.5542871,127.0082443,true,[],[],[],2020-06-12 00:13:43,,,
98,화정2동주민센터,"광주광역시 서구 화운로 94 유니버시아드 힐스테이트 1단지""",35.1465822,126.8821979,true,[],[],[],2020-06-12 00:14:02,,,
99,푸른길광장,"광주광역시 남구 주월동 941-203""",35.1260653,126.896671,true,[],[],[],2020-06-12 00:14:17,,,
102,오동도,전라남도 여수시 오동도로 242,34.7452359,127.7660166,true,[],[],[],2020-06-12 00:15:53,,,
103,소리공원,"서울특별시 송파구 문정동 319-1""",37.482558504171045,127.1208830385275,true,[],[],[],2020-06-12 00:16:12,,,
104,석촌호수수변무대,"서울특별시 송파구 석촌호수로 191""",37.50676071911722,127.09819020139696,true,[],[],[],2020-12-21 09:40:45,,,
108,목3동행정복지센터 정문 옆,"서울특별시 양천구 목동중앙남로16나길 55""",37.5447333646598,126.864455859678,true,[],[],[],2020-12-21 09:43:10,,,
110,강동구민회관,"서울특별시 강동구 상암로 168""",37.54574669110065,127.14118014203883,true,[],[],[],2021-02-10 00:56:32,,,
111,군포국민체육센터,"경기도 군포시 군포로 339""",37.33859957172142,126.9365787609812,true,[],[],[],2021-03-03 02:34:24,,,
112,김천시청,"경상북도 김천시 시청1길 1""",36.1398881671927,128.113624475917,true,[],[],[],2021-03-03 02:34:59,,,
114,노량진2동주민센터,"서울특별시 동작구 장승배기로19길 48""",37.5085057900719,126.937359341221,true,[],[],[],2021-03-03 02:36:49,,,
115,상도4동주민센터,"서울특별시 동작구 양녕로27길 44""",37.49937527396049,126.941401972639,true,[],[],[],2021-03-03 02:37:08,,,
116,상도3동주민센터,"서울특별시 동작구 성대로2길 11""",37.4992040702905,126.931341762113,true,[],[],[],2021-03-03 02:37:27,,,
119,수변공원,"전라남도 여수시 어항단지로 147""",34.72853199496777,127.72335805574248,true,[],[],[],2021-04-06 04:36:12,,,
120,차동공원,"전라남도 여수시 소라면 죽림리 1140""",34.76522118451785,127.63744135891804,true,[],[],[],2021-04-06 06:22:52,,,
121,박수근광장,"강원특별자치도 양구군 양구읍 상리 206-64""",38.1042428757915,127.987807043667,true,[],[],[],2021-04-06 06:41:38,,,
122,원주시청 어린이집 맞은편 야외화장실 옆,"강원특별자치도 원주시 무실동 1""",37.33976658303866,127.91878003912272,true,[],[],[],2021-04-06 06:42:19,,,
123,원주시립중앙도서관,"강원특별자치도 원주시 단구동 1703""",37.32609820598522,127.953535566865,true,[],[],[],2021-04-06 06:42:37,,,
124,젊음의광장,"강원특별자치도 원주시 단구로 170""",37.33541814369496,127.94663483283344,true,[],[],[],2021-04-15 00:15:29,,,
125,기후변화홍보관,"강원특별자치도 원주시 행구동 1029""",37.34261439191699,127.99660435694028,true,[],[],[],2021-04-15 00:16:17,,,
127,자원순환교실,"강원특별자치도 삼척시 미로면 강원남부로 3920""",37.411284842501225,129.10683370545314,true,[],[],[],2021-05-03 04:31:14,,,
128,군위 동부 제1호 어린이공원,"대구광역시 군위군 군위읍 동부리 376-3""",36.23777645311623,128.5707875563465,true,[],[],[],2021-05-24 05:54:28,,,
129,LH천년나무아파트,"대구광역시 군위군 군위읍 동산새길 50""",36.231854277857465,128.5688783761987,true,[],[],[],2021-05-24 05:54:44,,,
131,남원읍사무소,"제주특별자치도 서귀포시 남원읍 태위로 695""",33.279884789306365,126.72066566768896,true,[],[],[],2021-05-24 08:44:37,,,
132,조천읍사무소,"제주특별자치도 제주시 조천읍 신북로 194""",33.53440130090102,126.63413223748915,true,[],[],[],2021-05-24 08:44:58,,,
134,석사동행정복지센터,"강원특별자치도 춘천시 후석로 48""",37.85852767425313,127.74235406232064,true,[],[],[],2021-06-14 07:36:29,,,
135,후평3동행정복지센터,"강원특별자치도 춘천시 후만로 83""",37.87651827786371,127.7538517493855,true,[],[],[],2021-06-14 07:36:52,,,
136,소양동행정복지센터,"강원특별자치도 춘천시 금강로 17""",37.8822401631646,127.724715265465,true,[],[],[],2021-06-14 07:45:18,,,
137,근화동행정복지센터,"강원특별자치도 춘천시 영서로 2487""",37.88071481861263,127.71217875808208,true,[],[],[],2021-06-14 07:45:35,,,
138,퇴계동행정복지센터,"강원특별자치도 춘천시 퇴계로 46""",37.864489878019,127.726200566684,true,[],[],[],2021-06-14 07:45:53,,,
140,창5동주민센터,"서울특별시 도봉구 도봉로136나길 20""",37.656304313928885,127.04358528103484,true,[],[],[],2021-06-25 06:51:33,,,
141,순천업사이클센터더새롬,"전라남도 순천시 팔마1길 9-19""",34.9324564123273,127.512681515524,true,[],[],[],2021-07-08 01:28:50,,,
142,순천만 국가정원 지구동문,"전라남도 순천시 국가정원1호길 152-55""",34.9290883462236,127.509372763127,true,[],[],[],2021-07-08 02:46:48,,,
143,[기부형] 대청댐 물문화관,"대전광역시 대덕구 대청로 618-136""",36.4744377880216,127.481556455353,true,[],[],[],2021-07-09 05:11:47,,,
145,순천시 재활용도움센터,"전라남도 순천시 백연길 111""",34.9521043667346,127.533271804087,true,[],[],[],2021-07-09 07:32:06,,,
146,성산스포츠파크,"경상남도 창원시 성산구 중앙동 1""",35.2343556762819,128.6668468398334,true,[],[],[],2021-07-21 02:14:34,,,
147,의창스포츠센터,"경상남도 창원시 의창구 도계동 467""",35.2564835183925,128.63393178372783,true,[],[],[],2021-07-22 23:07:37,,,
148,마산야구장,"경상남도 창원시 마산합포구 산호동 31-2""",35.220522780675815,128.58252670985718,true,[],[],[],2021-07-22 23:08:34,,,
149,합포스포츠센터,"경상남도 창원시 마산합포구 드림베이대로 56""",35.1765942142606,128.567454571877,true,[],[],[],2021-07-22 23:09:20,,,
150,진해루,"경상남도 창원시 진해구 경화동 1007-15""",35.146952866270915,128.6829554686016,true,[],[],[],2021-07-22 23:10:06,,,
151,중앙동주민센터,"서울특별시 관악구 양녕로6다길 7""",37.4841881538571,126.949789748222,true,[],[],[],2021-07-22 23:10:41,,,
152,신원동주민센터,"서울특별시 관악구 신원로3길 13""",37.48157075665021,126.9273283767166,true,[],[],[],2021-07-22 23:11:04,,,
153,계양고등학교(포인트 적립 불가),"인천광역시 계양구 계양문화로 177""",37.5419168272076,126.743844678586,true,[],[],[],2021-07-26 00:26:17,,,
154,중앙공원 인라인스케이트장,"경기도 안양시 동안구 시민대로 지하 238""",37.39208134050094,126.95771437376142,true,[],[],[],2021-07-26 05:20:54,,,
155,중앙공원 관리사무소,"경기도 안양시 동안구 평촌동 895""",37.39055525537293,126.9610578110261,true,[],[],[],2021-07-26 05:21:32,,,
156,중앙공원 음수대,"경기도 안양시 동안구 평촌동 895""",37.38946413010487,126.9584498456565,true,[],[],[],2021-07-26 05:22:05,,,
157,중앙공원 화장실,"경기도 안양시 동안구 평촌동 895""",37.38921153298837,126.95757483191429,true,[],[],[],2021-07-26 05:22:25,,,
158,동안청소년수련관,"경기도 안양시 동안구 비산동 1126""",37.39167241727149,126.94894020072968,true,[],[],[],2021-07-26 05:22:39,,,
159,평촌미관광장,"경기도 안양시 동안구 관양동 1608-1""",37.394214217439306,126.96360250079702,true,[],[],[],2021-07-26 05:23:06,,,
160,종합운동장 빙상장 입구,"경기도 안양시 동안구 평촌대로 389""",37.40423488688662,126.94888367568242,true,[],[],[],2021-07-26 05:23:29,,,
161,안양시청,"경기도 안양시 동안구 관양동 1590""",37.39446646506174,126.95679547062086,true,[],[],[],2021-07-26 05:23:44,,,
162,어린이교통공원,"경기도 안양시 동안구 호계동 1112""",37.37987183489852,126.96250292529076,true,[],[],[],2021-07-26 05:24:01,,,
163,석수역,"경기도 안양시 만안구 석수동 424-1""",37.43361467664962,126.90214531101353,true,[],[],[],2021-07-26 05:24:23,,,
164,신기어린이공원,"경기도 안양시 동안구 동안로 26""",37.38194922989505,126.95742649219494,true,[],[],[],2021-07-26 05:30:32,,,
165,관악역,"경기도 안양시 만안구 석수동 104-240""",37.41905757584296,126.90914566225425,true,[],[],[],2021-08-05 07:22:27,,,
166,안양3동 행정복지센터,"경기도 안양시 만안구 안양동 1195-1""",37.39602501251548,126.9148765968536,true,[],[],[],2021-08-05 07:23:17,,,
167,명학공원,"경기도 안양시 만안구 안양동 572""",37.384124835573424,126.9324483863033,true,[],[],[],2021-08-05 07:23:32,,,
168,박달2동 행정복지센터,"경기도 안양시 만안구 박달동 141-2""",37.40216897496318,126.90470483161654,true,[],[],[],2021-08-05 07:24:15,,,
169,만안종합사회복지관,"경기도 안양시 만안구 박달로 547-1""",37.40278170542497,126.91354469386242,true,[],[],[],2021-08-05 07:25:09,,,
170,병목안캠핑장,"경기도 안양시 만안구 병목안로247번길 37""",37.38255350537487,126.9101861786949,true,[],[],[],2021-08-05 07:25:43,,,
171,호계3동 공영주차장,"경기도 안양시 동안구 호계동 966-46""",37.368741822822656,126.95570670406744,true,[],[],[],2021-08-05 07:29:33,,,
172,냉천어린이공원,"경기도 안양시 만안구 안양동 627-311""",37.39504795957643,126.9222239101574,true,[],[],[],2021-08-05 07:29:45,,,
175,세븐일레븐 이태원중앙점,"서울특별시 용산구 회나무로26길 3""",37.5395346124592,126.991708419033,true,[],[],[],2021-09-03 01:35:52,,,
176,관저다목적체육관,"대전광역시 서구 관저동 1583""",36.29239887187206,127.33643056344674,true,[],[],[],2021-09-15 03:59:48,,,
177,가수원 행정복지센터,"대전광역시 서구 가수원로 105""",36.3035860454738,127.34935752434198,true,[],[],[],2021-09-15 04:00:30,,,
178,복수동행정복지센터,"대전광역시 서구 복수동 614""",36.29987565909405,127.37887171961302,true,[],[],[],2021-09-15 04:01:09,,,
179,유등노인복지관,"대전광역시 서구 도마동 413-3""",36.32714179464708,127.37428992050116,true,[],[],[],2021-09-15 04:01:48,,,
180,용문동 행정복지센터,"대전광역시 서구 용문동 589-7""",36.339144000449664,127.39162632890093,true,[],[],[],2021-09-15 04:02:24,,,
181,서구청,"대전광역시 서구 둔산동 1300""",36.35544032040138,127.38443561145569,true,[],[],[],2021-09-15 04:02:55,,,
182,갈마공원,"대전광역시 서구 갈마동 820""",36.35526460107271,127.37378111787004,true,[],[],[],2021-09-15 04:03:30,,,
183,제주청년몰,"제주특별자치도 제주시 동문로4길 9""",33.5120876972929,126.528240434782,true,[],[],[],2021-09-29 05:35:27,,,
184,갈마1동행정복지센터,"대전광역시 서구 갈마동 316-3""",36.3508442575242,127.36800038740952,true,[],[],[],2021-09-29 05:37:14,,,
185,송파구새활용센터,"서울특별시 송파구 문정로 246""",37.49989911076753,127.1420131938712,true,[],[],[],2021-09-29 05:37:51,,,
186,이마트 명일점,"서울특별시 강동구 고덕로 276""",37.5546046874526,127.155987297642,true,[],[],[],2021-10-15 01:58:28,,,
187,창업·벤처 녹색융합클러스터(사내 전용),"인천광역시 서구 정서진로 410""",37.56866075550926,126.64698674809536,true,[],[],[],2021-10-15 01:59:24,,,
188,원동12어린이공원,"경상북도 포항시 남구 오천읍 원리 919""",35.968807066679005,129.40656880288145,true,[],[],[],2021-10-15 01:59:37,,,
189,원동13어린이공원,"경상북도 포항시 남구 오천읍 원리 903-4""",35.9695139324668,129.40872109264205,true,[],[],[],2021-10-15 02:00:03,,,
190,문덕8공원,"경상북도 포항시 남구 오천읍 문덕리 197-1""",35.96420640383601,129.40404075615228,true,[],[],[],2021-10-15 02:00:27,,,
191,범서초등학교(포인트 적립 불가),"울산광역시 울주군 범서읍 천상1길 7""",35.56465077770222,129.23069535362455,true,[],[],[],2021-10-15 06:00:46,,,
192,세븐일레븐 답십리위브점,"서울특별시 동대문구 답십리로 130""",37.57284127095628,127.0523797517403,true,[],[],[],2021-11-01 08:21:45,,,
193,세븐일레븐 챌린지스토어점,"서울특별시 송파구 올림픽로 269""",37.5144892393692,127.100621697839,true,[],[],[],2021-11-01 09:32:00,,,
194,세븐일레븐 면목엠비스점,"서울특별시 중랑구 상봉로 37""",37.5892832704523,127.093564246396,true,[],[],[],2021-11-04 02:10:49,,,
196,세븐일레븐 쌍문중앙점,"서울특별시 도봉구 우이천로32길 49""",37.64991545854233,127.02492510985007,true,[],[],[],2021-11-04 05:12:02,,,
198,세븐일레븐 판교도서관점,"경기도 성남시 분당구 판교동 613-1""",37.3911865555337,127.090539505419,true,[],[],[],2021-11-08 03:40:38,,,
199,세븐일레븐 동부센터점,"서울특별시 광진구 능동로 268""",37.5538530156925,127.078042679432,true,[],[],[],2021-11-08 07:14:33,,,
200,세븐일레븐 대치3호점,"서울특별시 강남구 삼성로 151""",37.49313550057345,127.0609768628213,true,[],[],[],2021-11-08 08:28:11,,,
201,세븐일레븐 광명여성회관점,"경기도 광명시 충현로4번길 10""",37.4352168943163,126.88034141443,true,[],[],[],2021-11-09 01:48:17,,,
202,세븐일레븐 신림대학스타점,"서울특별시 관악구 호암로24길 6""",37.4699117670036,126.933579707983,true,[],[],[],2021-11-09 02:55:03,,,
204,세븐일레븐 장안현대홈타운점,"서울특별시 동대문구 답십리로72길 34""",37.57069763596722,127.0737729384497,true,[],[],[],2021-11-09 06:02:37,,,
205,세븐일레븐 마로니에공원점,"서울특별시 종로구 대학로 116""",37.5815366512951,127.002340109386,true,[],[],[],2021-11-09 07:08:32,,,
207,세븐일레븐 홍대5번출구점,"서울특별시 마포구 신촌로2안길 2""",37.557590164922864,126.92730893861436,true,[],[],[],2021-11-09 08:22:07,,,
211,세븐일레븐 압구정 2점,"서울특별시 강남구 압구정로28길 28""",37.5248057184672,127.0275849008041,true,[],[],[],2021-11-16 05:47:01,,,
212,세븐일레븐 역삼 14호점,"서울특별시 강남구 논현로105길 53""",37.5051308145897,127.029984371826,true,[],[],[],2021-11-16 06:20:49,,,
213,세븐일레븐 성북두산점,"서울특별시 성북구 화랑로48길 16""",37.61269453385915,127.06877829770444,true,[],[],[],2021-11-16 07:04:24,,,
214,롯데마트 이천점 정문,"경기도 이천시 안흥동 474""",37.27419452816988,127.45461064228596,true,[],[],[],2021-11-30 01:09:25,,,
215,세븐일레븐 건양대간호학관,"대전광역시 서구 관저동로 158""",36.30699499788398,127.34462121371035,true,[],[],[],2021-11-30 07:05:37,,,
216,롯데마트 계양점 지하2층,"인천광역시 계양구 장제로 822""",37.540891012389686,126.73605773826154,true,[],[],[],2021-12-01 02:13:49,,,
217,롯데마트 연수점 1층,"인천광역시 연수구 청능대로 87""",37.415082706966125,126.6751674409779,true,[],[],[],2021-12-01 03:13:40,,,
218,롯데마트 오산점 1층,"경기도 오산시 경기대로 271""",37.1494205306333,127.073027965952,true,[],[],[],2021-12-01 04:42:46,,,
219,롯데마트 시흥배곧점 1층,"경기도 시흥시 서울대학로278번길 67""",37.36878540957944,126.73146317267782,true,[],[],[],2021-12-01 04:54:23,,,
220,롯데마트 영통점 지하2층,"경기도 수원시 영통구 봉영로 1579""",37.25292507243592,127.07180216999024,true,[],[],[],2021-12-01 05:57:50,,,
221,롯데마트 안산점 1층,"경기도 안산시 상록구 항가울로 422""",37.31801041954781,126.84650206924374,true,[],[],[],2021-12-01 06:21:11,,,
222,롯데마트 상록점 1층,"경기도 안산시 상록구 반석로 20""",37.296611997867416,126.86207596279132,true,[],[],[],2021-12-01 07:13:19,,,
223,롯데마트 광교점 지하1층,"경기도 수원시 영통구 센트럴타운로 85""",37.2907135761798,127.049404741773,true,[],[],[],2021-12-01 07:51:34,,,
224,롯데마트 양평점 3층,"서울특별시 영등포구 선유로 138""",37.52609625965927,126.89157717968,true,[],[],[],2021-12-02 02:59:22,,,
225,롯데마트 검단점 1층,"인천광역시 서구 원당대로 581""",37.5945702184535,126.664496884957,true,[],[],[],2021-12-02 03:12:33,,,
226,롯데마트 서초점 지하4층,"서울특별시 서초구 서초대로38길 12""",37.4900696218267,127.00633218032168,true,[],[],[],2021-12-02 05:43:22,,,
227,롯데마트 부평점 1층,"인천광역시 부평구 마장로 296""",37.50499825799793,126.70409293323978,true,[],[],[],2021-12-02 06:43:26,,,
228,롯데마트 월드타워점 지하 2층,"서울특별시 송파구 올림픽로 300""",37.5135401296735,127.104147193463,true,[],[],[],2021-12-02 07:16:51,,,
229,롯데마트 삼산점 지하1층,"인천광역시 부평구 길주로 623""",37.50770392319799,126.73161100859458,true,[],[],[],2021-12-02 08:02:20,,,
230,NS홈쇼핑,"경기도 성남시 분당구 판교로228번길 15""",37.401816825517095,127.10160817258252,true,[],[],[],2021-12-20 06:33:54,,,
231,판교환경생태학습원,"경기도 성남시 분당구 대왕판교로645번길 21""",37.3995911866032,127.103817633248,true,[],[],[],2021-12-20 06:34:23,,,
233,아산시중앙도서관,"충청남도 아산시 용화동 1391""",36.770334660100765,127.00627249501368,true,[],[],[],2021-12-23 05:38:42,,,
235,배방읍행정복지센터,"충청남도 아산시 배방읍 공수리 1672""",36.77361832355973,127.0541809839442,true,[],[],[],2021-12-23 05:41:22,,,
246,함평 영화학교(포인트 적립 불가),"전라남도 함평군 함평읍 한나리길 10-25""",35.1040091609172,126.49435857826,true,[],[],[],2022-02-16 04:42:19,,,
247,영선중학교(포인트 적립 불가),"전라북도 고창군 무장면 왕제산로 713""",35.4140991032081,126.557458010409,true,[],[],[],2022-02-17 01:12:30,,,
249,자양종합사회복지관,"서울특별시 광진구 자양번영로 35""",37.5328975121375,127.075364328876,true,[],[],[],2022-02-18 07:23:00,,,
253,월산4동 행정복지센터,"광주광역시 남구 월산동 949""",35.14641584475447,126.89075753725002,true,[],[],[],2022-03-22 06:14:53,,,
254,설봉공원,"경기도 이천시 관고동 356""",37.27896320024419,127.4280370817135,true,[],[],[],2022-04-21 02:56:21,,,
255,구름다리,"강원특별자치도 삼척시 교동 728-2""",37.44691968837312,129.17155032703874,true,[],[],[],2022-04-27 13:16:07,,,
256,봉황공원,"강원특별자치도 삼척시 남양동 339-2""",37.4414578621754,129.17010443184896,true,[],[],[],2022-04-27 13:18:33,,,
257,호계3동 행정복지센터,"경기도 안양시 동안구 호계동 764-5""",37.36766621267882,126.95879489670394,true,[],[],[],2022-04-27 23:50:16,,,
258,농수산물센터 서문,"경기도 안양시 동안구 흥안대로 313""",37.381824562468765,126.96949402316228,true,[],[],[],2022-04-27 23:53:38,,,
259,농수산물센터 동문,"경기도 안양시 동안구 흥안대로 313""",37.38184061625652,126.9706231360306,true,[],[],[],2022-04-27 23:56:56,,,
260,동안구청,"경기도 안양시 동안구 비산동 1111""",37.39191193925903,126.9507101695266,true,[],[],[],2022-04-28 00:00:55,,,
261,아르떼웨딩홀,"경기도 안양시 동안구 관양동 1753""",37.39648280379856,126.96446817146034,true,[],[],[],2022-04-28 00:04:17,,,
263,안양9동 꿈나눔터,"경기도 안양시 만안구 병목안로142번길 8""",37.39120695274017,126.90903530384784,true,[],[],[],2022-04-29 01:13:29,,,
264,갈뫼어린이공원,"경기도 안양시 만안구 석수동 295-1""",37.410627547171,126.90785686056483,true,[],[],[],2022-04-29 01:22:01,,,
265,노송공원,"경기도 안양시 만안구 안양동 521-1""",37.38631101652085,126.93062843518884,true,[],[],[],2022-05-01 13:47:33,,,
266,종합운동장 수영장,"경기도 안양시 동안구 평촌대로 389""",37.40652133895941,126.94914472869866,true,[],[],[],2022-05-01 13:50:07,,,
267,꽃메산어린이공원,"경기도 안양시 만안구 석수동 610-10""",37.407617905391085,126.89928195061675,true,[],[],[],2022-05-01 13:53:14,,,
268,충훈어린이공원,"경기도 안양시 만안구 석수로178번길 28""",37.4063784906638,126.89711725353,true,[],[],[],2022-05-01 13:55:36,,,
269,친목마을,"경기도 안양시 만안구 박달동 920-1""",37.40711396100653,126.88514413335872,true,[],[],[],2022-05-01 13:57:02,,,
270,안양2동 행정복지센터,"경기도 안양시 만안구 안양동 842-2""",37.40530770952167,126.91796084741766,true,[],[],[],2022-05-01 13:57:56,,,
271,금강펜테리움,"경기도 안양시 동안구 학의로 282""",37.40116964016302,126.96996618202036,true,[],[],[],2022-05-02 22:36:33,,,
272,센트럴타워,"경기도 안양시 만안구 안양동 1403""",37.39591365297655,126.93060829268164,true,[],[],[],2022-05-02 22:39:09,,,
274,만안구청,"경기도 안양시 만안구 안양로 128""",37.386235639766745,126.932723143,true,[],[],[],2022-05-02 22:53:54,,,
275,꽃동산공원,"경기도 안양시 만안구 박달동 94-114""",37.40134266971889,126.9109741121764,true,[],[],[],2022-05-02 22:54:58,,,
276,아름드리 덕암동주민커뮤니티센터,"대전광역시 대덕구 신탄진로681번길 10""",36.43908748752816,127.42602190994654,true,[],[],[],2022-05-09 02:08:56,,,
277,관저동 광장,"대전광역시 서구 관저동 1681""",36.30626498114781,127.3343273183502,true,[],[],[],2022-05-09 02:12:59,,,
278,도안동 광장,"대전광역시 서구 도안동 846""",36.33093418217129,127.33855359946274,true,[],[],[],2022-05-09 02:14:09,,,
279,월평주차장,"대전광역시 서구 월평로 53-3""",36.35628354432233,127.36261415142594,true,[],[],[],2022-05-09 02:15:31,,,
280,온천2동 행정복지센터,"대전광역시 유성구 장대로 120""",36.36551765962494,127.33345243816116,true,[],[],[],2022-05-09 02:17:04,,,
281,회덕동 행정복지센터,"대전광역시 대덕구 대전로 1376""",36.37636804914269,127.42111334537042,true,[],[],[],2022-05-09 05:23:47,,,
282,광양시청 제2청사,"전라남도 광양시 광양읍 인덕로 1100""",34.98077530681284,127.5823235756621,true,[],[],[],2022-05-17 01:05:17,,,
283,용현5동 행정복지센터,"인천광역시 미추홀구 토금북로 60""",37.45256784141033,126.64042483352392,true,[],[],[],2022-05-18 12:44:53,,,
284,시민협력플랫폼,"인천광역시 미추홀구 구월남로 20""",37.45468282418354,126.69223476739752,true,[],[],[],2022-05-18 12:46:58,,,
285,영등포 제2스포츠센터,"서울특별시 영등포구 당산동4가 96-2""",37.52641231564154,126.9027341126328,true,[],[],[],2022-05-23 07:19:15,,,
286,종로타워 1층,"서울특별시 종로구 종로 51""",37.570744325762846,126.98360914667552,true,[],[],[],2022-05-23 13:45:38,,,
287,예천읍 행정복지센터,"경상북도 예천군 예천읍 서본리 1-6""",36.65691694617921,128.45291329786977,true,[],[],[],2022-05-25 07:14:23,,,
288,예천군 제1공영주차장,"경상북도 예천군 호명면 산합리 1450""",36.57598533192159,128.48931194767746,true,[],[],[],2022-05-25 07:16:53,,,
289,유락종합사회복지관,"서울특별시 중구 신당동 160-2""",37.56515934176784,127.02279607308958,true,[],[],[],2022-05-26 09:52:30,,,
290,가온공원,"경기도 화성시 새솔동 114""",37.27801917476658,126.82018418582884,true,[],[],[],2022-05-31 00:31:08,,,
291,수노을공원 농구장,"경기도 화성시 새솔동 97""",37.28076520412963,126.81731635243978,true,[],[],[],2022-05-31 00:31:32,,,
292,수노을공원 공용화장실,"경기도 화성시 꽃내음1길 30""",37.28226368160967,126.81618510202752,true,[],[],[],2022-05-31 00:31:52,,,
293,해오름공원,"경기도 화성시 새솔동 15""",37.28551054454761,126.82116717575204,true,[],[],[],2022-05-31 00:32:11,,,
294,새솔동 행정복지센터,"경기도 화성시 새솔동 98""",37.28117275038289,126.81866850217013,true,[],[],[],2022-05-31 00:32:57,,,
295,송린이음터 도서관,"경기도 화성시 수노을2로 150""",37.27744375041056,126.82249873722384,true,[],[],[],2022-05-31 00:33:15,,,
296,수노을공원 주차장 입구,"경기도 화성시 새솔동 83""",37.28368061241149,126.81767297259849,true,[],[],[],2022-05-31 00:33:35,,,
297,비봉체육공원 화성야구장,"경기도 화성시 새솔동 167""",37.26304606100333,126.84566672243628,true,[],[],[],2022-05-31 00:33:50,,,
298,비봉실내체육관,"경기도 화성시 비봉면 삼화리 4-8""",37.25723734484444,126.84975360365549,true,[],[],[],2022-05-31 00:34:44,,,
299,한민시장주차장,"대전광역시 서구 괴정동 88-20""",36.33523345785246,127.38311109591643,true,[],[],[],2022-06-14 09:01:28,,,
300,삼척 문화공원,"강원특별자치도 삼척시 성남동 199-5""",37.43822775492686,129.15882655074117,true,[],[],[],2022-06-15 00:58:33,,,
301,도계공영주차장,"강원특별자치도 삼척시 도계읍 강원남부로 1488""",37.23734739621965,129.0437388368164,true,[],[],[],2022-06-16 09:14:28,,,
302,대송동 주민센터,"울산광역시 동구 대송5길 10""",35.50324564245772,129.41841630727183,true,[],[],[],2022-06-21 02:29:04,,,
304,미사1동 행정복지센터,"경기도 하남시 미사강변남로 59""",37.5603159330941,127.188807992732,true,[],[],[],2022-07-08 02:11:31,,,
305,수내1동 행정복지센터,"경기도 성남시 분당구 내정로173번길 21""",37.37536314638901,127.11820014581951,true,[],[],[],2022-07-08 03:04:00,,,
306,반포1동 주민센터,"서울특별시 서초구 반포동 20-48""",37.50515412697181,127.01345010773294,true,[],[],[],2022-07-08 03:06:10,,,
307,부안여자고등학교,"전라북도 부안군 부안읍 교동1길 54""",35.7153896865106,126.735395215436,true,[],[],[],2022-07-08 03:08:14,,,
308,전남대학교 9호관,"광주광역시 북구 용봉로 77""",35.18100430757091,126.90543625280527,true,[],[],[],2022-07-08 03:13:41,,,
309,LH전북본부,"전라북도 전주시 완산구 홍산로 158""",35.8074453051427,127.104940809324,true,[],[],[],2022-07-20 23:48:26,,,
310,KB국민카드,"서울특별시 종로구 새문안로3길 30""",37.5726236704147,126.973072139908,true,[],[],[],2022-07-25 08:25:01,,,
311,종로구청,"서울특별시 종로구 종로1길 36""",37.5734894076694,126.97916541936996,true,[],[],[],2022-07-25 08:26:22,,,
313,대명해피니스,"전라남도 곡성군 곡성읍 학정리 526-2""",35.28619044837686,127.28874571662746,true,[],[],[],2022-08-16 04:19:44,,,
314,청춘공작소,"전라남도 곡성군 곡성읍 읍내리 98-2""",35.282454268423706,127.3017279567209,true,[],[],[],2022-08-16 04:22:14,,,
514,오산근린공원,"경기도 오산시 오산천로 265""",37.155475338326525,127.06980177742464,true,[],[],[],2022-08-31 04:53:40,,,
515,오산대 맞은편 탄천 화장실 옆,"경기도 오산시 청학동 33-4""",37.15259796274242,127.06309557976076,true,[],[],[],2022-08-31 05:12:10,,,
516,벽산블루밍아파트 3단지 301동 앞 보도,"광주광역시 북구 대자로 55""",35.175949092809184,126.87913090639144,true,[],[],[],2022-09-01 07:21:58,,,
517,한양파크빌,"전라남도 곡성군 곡성읍 학정리 535-19""",35.28480263082249,127.29052707041345,true,[],[],[],2022-09-01 07:28:32,,,
518,봉암초등학교(포인트 적립 불가),"대전광역시 유성구 궁동로 21""",36.36405303767368,127.34775292460075,true,[],[],[],2022-09-04 11:53:00,,,
519,포은고등학교,"경상북도 영천시 금호읍 성천앞길 112-53""",35.94001965697532,128.8781323425169,true,[],[],[],2022-09-08 01:07:27,,,
520,한전KDN 본관 2층 강당 앞,"전라남도 나주시 빛가람로 661""",35.02225363129143,126.78421553810824,true,[],[],[],2022-09-14 09:08:17,,,
521,회천2동 주민센터 입구,"경기도 양주시 덕계동 467-8""",37.82167384384154,127.04662687083834,true,[],[],[],2022-09-26 00:16:33,,,
522,광적면 행정복지센터 근처 쉼터,"경기도 양주시 광적면 가납리 848-5""",37.82499073553629,126.98390234655255,true,[],[],[],2022-09-26 00:17:23,,,
523,하나로마트 갈마로점 입구,"강원특별자치도 홍천군 홍천읍 갈마곡리 23-33""",37.699549168057885,127.9031242474302,true,[],[],[],2022-09-26 00:18:26,,,
524,홍천군 종합사회복지관 입구,"강원특별자치도 홍천군 홍천읍 진리 10-35""",37.69156487765617,127.89153387050412,true,[],[],[],2022-09-26 00:19:04,,,
525,연봉도서관 입구,"강원특별자치도 홍천군 홍천읍 연봉리 200""",37.682054806178336,127.8747643218552,true,[],[],[],2022-09-26 00:20:14,,,
526,문화건강센터 수영장 주차장 입구 ,"전라남도 순천시 환선로 133""",34.967477601325335,127.48662653345131,true,[],[],[],2022-09-28 02:18:12,,,
527,조곡동 행정복지센터 입구 ,"전라남도 순천시 자경1길 13""",34.95002791866786,127.4986039935253,true,[],[],[],2022-09-28 02:19:13,,,
528,풍덕공원 왕가네 가게 앞 ,"전라남도 순천시 풍덕동 1287""",34.93990259367872,127.49819516040812,true,[],[],[],2022-09-28 02:20:18,,,
529,오천동 공용화장실 앞 ,"전라남도 순천시 오천동 1025""",34.93504652566285,127.49374927218172,true,[],[],[],2022-09-28 02:21:15,,,
530,연향 제1근린공원 화장실 근처 ,"전라남도 순천시 연향번영길 93""",34.94928081220288,127.51721829787584,true,[],[],[],2022-09-28 02:24:15,,,
531,신대스포츠센터 주차장 앞 보도 ,"전라남도 순천시 해룡면 매안로 138""",34.93659893727812,127.55043281779837,true,[],[],[],2022-09-28 02:24:57,,,
535,이곡2동 행정복지센터,"대구광역시 달서구 이곡동 1191-3""",35.85575335091988,128.5009569938092,true,[],[],[],2022-09-29 08:01:56,,,
536,성당동 행정복지센터,"대구광역시 달서구 야외음악당로 38""",35.84061872603643,128.5532200813586,true,[],[],[],2022-09-29 08:02:31,,,
537,송현1동 행정복지센터,"대구광역시 달서구 중흥로8길 41""",35.8291713000705,128.55482832349665,true,[],[],[],2022-09-29 08:03:08,,,
538,진천동 행정복지센터,"대구광역시 달서구 진천로9길 33""",35.81228113070092,128.52264707595245,true,[],[],[],2022-09-29 08:03:42,,,
539,Circle(SK가스 충전소),"경기도 성남시 분당구 대왕판교로 131""",37.355141838092486,127.10122918298748,true,[],[],[],2022-10-06 07:28:33,,,
540,정신여자고등학교,"서울특별시 송파구 올림픽로4길 16""",37.5087529652041,127.07162518661426,true,[],[],[],2022-10-12 03:23:37,,,
542,가양2동행정복지센터,"대전광역시 동구 흥룡로 33""",36.34902784172126,127.44740161408215,true,[],[],[],2022-10-12 05:55:45,,,
543,용전동행정복지센터,"대전광역시 동구 계족로 515""",36.35774114614912,127.43238276334026,true,[],[],[],2022-10-12 05:56:15,,,
545,행운동 행정복지센터,"서울특별시 관악구 봉천동 1670-7""",37.48062394863239,126.95712183919466,true,[],[],[],2022-10-14 07:41:41,,,
546,밤골 경로당,"서울특별시 관악구 인헌3가길 8""",37.47392596799778,126.9673821558856,true,[],[],[],2022-10-14 07:49:55,,,
547,삼성동 자치회관,"서울특별시 관악구 호암로 520""",37.46412356610055,126.93181130100886,true,[],[],[],2022-10-14 07:51:59,,,
548,미성 경로당,"서울특별시 관악구 난곡로58길 11""",37.480056565652966,126.91572823937652,true,[],[],[],2022-10-14 07:53:48,,,
549,신사동 행정복지센터,"서울특별시 관악구 조원로 142""",37.48540342305692,126.91803729273954,true,[],[],[],2022-10-14 07:54:45,,,
550,신림동 행정복지센터,"서울특별시 관악구 신림동길 14""",37.48741411612327,126.92711749349156,true,[],[],[],2022-10-14 07:55:32,,,
551,은천동 행정복지센터,"서울특별시 관악구 봉천로33나길 30""",37.485375065557456,126.94250514170167,true,[],[],[],2022-10-14 07:56:07,,,
552,동면사무소,"강원특별자치도 양구군 동면 금강산로 1693""",38.20232927544858,128.0434972965904,true,[],[],[],2022-10-14 09:39:55,,,
553,국토정중앙면사무소 헬스장,"강원특별자치도 양구군 국토정중앙면 삼팔선로 15""",38.10825488465171,128.0347036783162,true,[],[],[],2022-10-14 09:40:54,,,
556,북한산 국립공원 정릉 사무소,"서울특별시 성북구 정릉동 829-5""",37.61826148174032,126.99733819023726,true,[],[],[],2022-10-25 00:48:11,,,
558,스트리트푸드존,"광주광역시 남구 봉선동 1132-2""",35.13396965795903,126.90614077114972,true,[],[],[],2022-10-27 01:38:31,,,
559,당진어시장,"충청남도 당진시 당진시장길 100""",36.89000459817276,126.62989918265622,true,[],[],[],2022-10-27 01:39:29,,,
560,당진종합버스터미널,"충청남도 당진시 밤절로 149""",36.90269660546839,126.64620526944248,true,[],[],[],2022-10-27 01:40:05,,,
563,사내청소년문화의집,"강원특별자치도 화천군 사내면 문화마을1길 44""",38.0695154588224,127.52365942401698,true,[],[],[],2022-10-27 08:49:27,,,
564,간동면사무소,"강원특별자치도 화천군 간동면 유촌리 614-1""",38.05522567858221,127.7895999734032,true,[],[],[],2022-10-27 08:49:50,,,
565,신갈동주민자치센터,"경기도 용인시 기흥구 신갈로58번길 9""",37.27224629818964,127.10680340979432,true,[],[],[],2022-11-10 04:43:10,,,
566,한국환경공단 대구경북환경본부,"대구광역시 수성구 무학로 209""",35.83052287630598,128.63130657733922,true,[],[],[],2022-11-17 06:34:31,,,
567,상소오토캠핑장,"대전광역시 동구 산내로 748""",36.23705567413938,127.46926426145517,true,[],[],[],2022-11-22 08:03:28,,,
568,성남다목적체육관,"대전광역시 동구 성남동 537""",36.3426119654251,127.4307145586168,true,[],[],[],2022-11-22 08:10:54,,,
569,어은어린이공원,"대전광역시 유성구 어은동 108-14""",36.36238365675739,127.3553945317723,true,[],[],[],2022-11-23 08:40:29,,,
570,유성구종합사회복지관,"대전광역시 유성구 도안대로589번길 27""",36.35292024822744,127.3394926851879,true,[],[],[],2022-11-23 08:43:23,,,
571,지족재활용정거장,"대전광역시 유성구 지족동 1004""",36.386380461489615,127.31834738785555,true,[],[],[],2022-11-23 09:13:15,,,
572,관평재활용정거장,"대전광역시 유성구 관평동 805""",36.426804529539176,127.3884085243948,true,[],[],[],2022-11-23 09:14:50,,,
573,오류왕길동행정복지센터,"인천광역시 서구 왕길동 692-5""",37.59697514836457,126.63744653831472,true,[],[],[],2022-11-24 01:14:17,,,
574,검단동행정복지센터,"인천광역시 서구 검단로529번길 14""",37.60496437366952,126.6616286374612,true,[],[],[],2022-11-24 01:14:36,,,
575,검단동노인복지관,"인천광역시 서구 검단로502번길 15-1""",37.60214232468423,126.660944971803,true,[],[],[],2022-11-24 01:15:09,,,
576,당하동행정복지센터,"인천광역시 서구 당하동 1097-4""",37.59207593280658,126.6745072752199,true,[],[],[],2022-11-24 01:20:00,,,
577,인천서구국민체육센터 ,"인천광역시 서구 검암동 496""",37.56643944177348,126.67822677386314,true,[],[],[],2022-11-24 01:20:20,,,
578,검암경서동 행정복지센터,"인천광역시 서구 승학로 480""",37.56437913577151,126.67356386715706,true,[],[],[],2022-11-24 01:20:39,,,
579,인천서구청,"인천광역시 서구 서곶로 307""",37.54509898514062,126.67642596627168,true,[],[],[],2022-11-24 01:20:53,,,
580,연희동행정복지센터,"인천광역시 서구 연희동 723""",37.54909613450352,126.67852767056696,true,[],[],[],2022-11-24 01:26:20,,,
581,석남2동행정복지센터,"인천광역시 서구 거북로 116""",37.50253323489809,126.67467020670443,true,[],[],[],2022-11-24 01:26:44,,,
582,석남1동행정복지센터,"인천광역시 서구 석남동 465-3""",37.51116456822883,126.67457619448815,true,[],[],[],2022-11-24 01:27:02,,,
583,신현원창동 행정복지센터,"인천광역시 서구 신현동 294""",37.51469006721946,126.6722534162482,true,[],[],[],2022-11-24 01:27:21,,,
584,인천서구청소년센터,"인천광역시 서구 원창로 92""",37.517518365640434,126.65922144693242,true,[],[],[],2022-11-24 01:31:53,,,
585,청라문화센터,"인천광역시 서구 청라동 106-2""",37.52469196300186,126.6341709330132,true,[],[],[],2022-11-24 01:32:11,,,
586,청라3동행정복지센터,"인천광역시 서구 청라한내로 89""",37.533453993169815,126.6269183232643,true,[],[],[],2022-11-24 01:32:31,,,
587,청라1동행정복지센터,"인천광역시 서구 청라동 165-5""",37.5325383483781,126.65391764772131,true,[],[],[],2022-11-24 01:32:45,,,
588,검단복지회관,"인천광역시 서구 완정로92번길 18""",37.60071999105664,126.66611523441192,true,[],[],[],2022-11-24 01:33:55,,,
589,모항해수욕장,"전라북도 부안군 변산면 도청리 171-5""",35.582653377352365,126.508127038435,true,[],[],[],2022-11-30 02:02:50,,,
590,부안해뜰마루,"전라북도 부안군 부안읍 별천지로 3""",35.72581208029965,126.74165198899054,true,[],[],[],2022-11-30 02:04:46,,,
591,중앙체육공원,"전라북도 익산시 하나로 322""",35.949753832053446,126.9860508960308,true,[],[],[],2022-11-30 05:42:23,,,
592,육아종합지원센터,"전라북도 익산시 영등동 814""",35.96268719151686,126.97548670268128,true,[],[],[],2022-11-30 05:42:40,,,
593,배산체육공원,"전라북도 익산시 동서로 21""",35.959995835676835,126.94014746245831,true,[],[],[],2022-11-30 05:43:03,,,
594,혁신도시민원센터,"전라북도 완주군 이서면 갈산로 40""",35.836528842936666,127.05599649540687,true,[],[],[],2022-11-30 09:21:21,,,
595,발효테마파크 테라피센터,"전북특별자치도 순창군 순창읍 장류로 55""",35.368007965468394,127.11298989709252,true,[],[],[],2022-12-01 09:50:59,,,
596,고향마을아파트,"전라북도 진안군 진안읍 군상리 200-1""",35.793768207531535,127.43852673272652,true,[],[],[],2022-12-05 09:20:50,,,
598,군상주공2차아파트,"전라북도 진안군 진안읍 군상리 790-2""",35.79694874486978,127.42624542004442,true,[],[],[],2022-12-05 09:21:19,,,
599,대아월랑아파트,"전라북도 진안군 진안읍 군하리 454-50""",35.78762954560218,127.42054335016704,true,[],[],[],2022-12-05 09:21:53,,,
600,마이산남부관광안내소,"전라북도 진안군 마령면 마이산남로 175""",35.75642357368066,127.39318175402596,true,[],[],[],2022-12-05 09:23:18,,,
601,진안만남의광장,"전라북도 진안군 진안읍 진무로 1054-6""",35.78894472562244,127.42585147604883,true,[],[],[],2022-12-05 09:23:47,,,
602,갈마2동행정복지센터,"대전광역시 서구 갈마동 1458""",36.34524966836346,127.3746996107766,true,[],[],[],2022-12-08 08:18:27,,,
603,탄방동행정복지센터,"대전광역시 서구 탄방동 1440""",36.34636954952416,127.39561712968158,true,[],[],[],2022-12-08 08:19:11,,,
604,월평2동행정복지센터,"대전광역시 서구 월평동 218-8""",36.3637051478696,127.37416410496478,true,[],[],[],2022-12-08 08:20:06,,,
605,대구 남구청,"대구광역시 남구 이천로 51""",35.84589957823974,128.59736864291798,true,[],[],[],2022-12-08 08:47:39,,,
606,금정어린이공원,"대구광역시 북구 태전동 974""",35.926991801617454,128.54585873887407,true,[],[],[],2022-12-09 02:52:15,,,
607,대현어린이공원,"대구광역시 북구 대현동 112-41""",35.88458650015691,128.6099579620399,true,[],[],[],2022-12-09 02:52:42,,,
610,송천동분리수거장 1,"경상북도 안동시 경동로 1375""",36.54468413642744,128.79515584981854,true,[],[],[],2022-12-13 07:16:26,,,
612,송천동분리수거장 2,"경상북도 안동시 송천동 478-6""",36.54061675866405,128.7972000833728,true,[],[],[],2022-12-13 07:18:12,,,
613,성남시여성복지회관,"경기도 성남시 수정구 산성대로475번길 7""",37.45403834198146,127.15989553312257,true,[],[],[],2022-12-19 07:39:29,,,
614,신흥3동행정복지센터,"경기도 성남시 수정구 공원로349번길 8""",37.44345220128066,127.1489680835139,true,[],[],[],2022-12-19 07:40:19,,,
615,성남종합운동장,"경기도 성남시 중원구 제일로 60""",37.43260963190999,127.13877484304906,true,[],[],[],2022-12-19 07:40:40,,,
616,고창 나들목공원,"전라북도 고창군 고창읍 석교리 7""",35.44130085823885,126.69797783863118,true,[],[],[],2022-12-22 01:27:19,,,
617,선운산 공중화장실,"전라북도 고창군 아산면 삼인리 287-19""",35.503161921309484,126.58622709239228,true,[],[],[],2022-12-22 01:42:42,,,
618,구시포여름치안센터,"전라북도 고창군 상하면 진암구시포로 545""",35.44545444470023,126.43568301567404,true,[],[],[],2022-12-22 01:53:25,,,
619,선운산 버스정류장,"전라북도 고창군 아산면 삼인리 392-1""",35.502806219223466,126.5869756624007,true,[],[],[],2022-12-22 01:54:21,,,
620,고창 스포츠타운,"전라북도 고창군 고창읍 월암리 123-1""",35.430130184615514,126.72683025296166,true,[],[],[],2022-12-22 02:40:15,,,
621,고창 전통시장,"전라북도 고창군 고창읍 읍내리 371-4""",35.432227307406514,126.69905240279282,true,[],[],[],2022-12-22 02:42:04,,,
622,북구반다비체육센터,"광주광역시 북구 필문대로 55""",35.1642952982615,126.928278074984,true,[],[],[],2022-12-22 02:59:26,,,
623,전남대스포츠센터 버스승강장,"광주광역시 북구 용봉동 162""",35.17503136023044,126.9124881375142,true,[],[],[],2022-12-22 03:00:29,,,
624,북구종합체육관,"광주광역시 북구 첨단연신로29번길 15""",35.20051237082864,126.8614670081496,true,[],[],[],2022-12-22 03:01:24,,,
625,학운공원,"경기도 안양시 동안구 비산동 1100""",37.39897905308918,126.94745011416148,true,[],[],[],2022-12-22 06:08:32,,,
626,검산동행정복지센터,"전라북도 김제시 검산동 1057-11""",35.80323318760648,126.90358972333068,true,[],[],[],2022-12-23 01:42:51,,,
627,요촌동행정복지센터,"전라북도 김제시 요촌중길 50""",35.804942024211776,126.89147838099514,true,[],[],[],2022-12-23 01:43:50,,,
628,신풍동행정복지센터,"전라북도 김제시 중앙10길 11""",35.79610616291717,126.89779050673413,true,[],[],[],2022-12-23 01:45:20,,,
629,교월동행정복지센터,"전라북도 김제시 옥산동 275""",35.79481324931486,126.87881747126558,true,[],[],[],2022-12-23 01:47:14,,,
630,김제시청소년종합센터,"전라북도 김제시 도작로 224-32""",35.81460689210736,126.90054967262182,true,[],[],[],2022-12-23 01:48:33,,,
631,김제노인종합복지관,"전라북도 김제시 하동1길 79""",35.81473739129699,126.89503355181898,true,[],[],[],2022-12-23 01:49:33,,,
633,샘터어린이공원,"서울특별시 중랑구 면목동 656""",37.57309691972189,127.08334919802384,true,[],[],[],2022-12-30 01:02:06,,,
634,면목2동 주민센터,"서울특별시 중랑구 면목동 180-8""",37.58967587857626,127.07908777233123,true,[],[],[],2022-12-30 01:07:58,,,
635,신내1동 주민센터,"서울특별시 중랑구 신내동 448-1""",37.60601346407447,127.09944757820324,true,[],[],[],2022-12-30 01:11:32,,,
636,안동시청 시의회 본관,"경상북도 안동시 퇴계로 115""",36.56810137262705,128.7301378701682,true,[],[],[],2022-12-30 01:23:14,,,
637,태백산소드림도서관,"강원특별자치도 태백시 황지동 274-7""",37.17969844278475,128.98497917972787,true,[],[],[],2022-12-30 01:33:45,,,
638,태백문화예술회관,"강원특별자치도 태백시 고원로 203""",37.17210116095071,128.98849269959786,true,[],[],[],2022-12-30 01:35:21,,,
639,태백종합운동장,"강원특별자치도 태백시 연화산길 10""",37.1366814426545,129.00149313343562,true,[],[],[],2022-12-30 01:37:52,,,
640,쇠바우골탄광문화장터,"강원특별자치도 태백시 동태백로 434""",37.115055691510136,129.03727643909966,true,[],[],[],2022-12-30 01:41:07,,,
641,컵밥거리,"서울특별시 동작구 노량진로 170""",37.51338464495574,126.94634070626589,true,[],[],[],2022-12-30 02:08:13,,,
642,흑석동주민센터,"서울특별시 동작구 흑석동 335-2""",37.505870985188494,126.9666359497881,true,[],[],[],2022-12-30 02:12:43,,,
643,사당2동주민센터,"서울특별시 동작구 사당동 91-126""",37.4887637747126,126.97933031416004,true,[],[],[],2022-12-30 02:15:39,,,
644,사당3동주민센터,"서울특별시 동작구 사당동 256-1""",37.484647237776045,126.97341807172796,true,[],[],[],2022-12-30 02:17:38,,,
645,남성역 2번 출구,"서울특별시 동작구 사당동 250-2""",37.48448903159469,126.97115962975155,true,[],[],[],2022-12-30 02:19:50,,,
646,상도1동주민센터,"서울특별시 동작구 상도동 437""",37.498041094311375,126.95295594781427,true,[],[],[],2022-12-30 02:21:59,,,
647,신대방2동주민센터,"서울특별시 동작구 신대방동 723""",37.49841164906995,126.92470935775606,true,[],[],[],2022-12-30 02:24:04,,,
648,동작청소년문화의집,"서울특별시 동작구 상도로15바길 5""",37.50411579064342,126.93350813850262,true,[],[],[],2022-12-30 02:25:46,,,
649,대방동주민센터,"서울특별시 동작구 여의대방로44길 20""",37.5081142475191,126.92633110794682,true,[],[],[],2022-12-30 02:28:10,,,
650,사당종합체육관,"서울특별시 동작구 사당로27길 232""",37.49244691560986,126.9700823270174,true,[],[],[],2022-12-30 02:30:00,,,
651,상도 어울마당,"서울특별시 동작구 성대로 180""",37.49926531448162,126.94042780115744,true,[],[],[],2022-12-30 02:32:21,,,
652,평화광장 평화매점 앞,"전라남도 목포시 상동 1157""",34.79593644667498,126.43223086709756,true,[],[],[],2022-12-30 02:56:51,,,
653,부흥동 행정복지센터,"전라남도 목포시 옥암동 1022""",34.804354243596485,126.4343806424173,true,[],[],[],2022-12-30 02:59:15,,,
654,옥암동 행정복지센터,"전라남도 목포시 삼향천로 118""",34.81029955654408,126.42968154773511,true,[],[],[],2022-12-30 03:01:43,,,
655,목포 어울림도서관 인도,"전라남도 목포시 용해동 1006""",34.81708526580876,126.39569486133306,true,[],[],[],2022-12-30 03:03:56,,,
656,원산동 행정복지센터,"전라남도 목포시 연산동 1277""",34.81158565074724,126.38112552745262,true,[],[],[],2022-12-30 03:06:00,,,
657,팔레스마트 옆 공원,"전라남도 목포시 산정동 1198-5""",34.80827656823731,126.3712652897873,true,[],[],[],2022-12-30 03:09:04,,,
658,유달동행정복지센터,"전라남도 목포시 유동로 19""",34.78338982474358,126.38020268473772,true,[],[],[],2022-12-30 03:12:56,,,
659,세븐일레븐 한양대정보관점,"서울특별시 성동구 왕십리로 222""",37.556615645882765,127.04597739357776,true,[],[],[],2023-01-12 04:45:24,,,
660,동명동 행정복지센터,"전라남도 목포시 자유로20번길 27""",34.79073084912724,126.39209846557117,true,[],[],[],2023-01-13 00:58:28,,,
661,하당동 행정복지센터,"전라남도 목포시 백년대로337번길 35""",34.80856369897245,126.42095051761528,true,[],[],[],2023-01-13 01:01:00,,,
662,세화고등학교 정문,"경상북도 포항시 북구 우현동 318-17""",36.05273827349758,129.3520093399189,true,[],[],[],2023-02-09 09:11:33,,,
663,세화고등학교 매점,"경상북도 포항시 북구 아치로 94""",36.05441549705825,129.3520537223666,true,[],[],[],2023-02-09 09:12:05,,,
664,변동주민자치문화센터,"대전광역시 서구 변동 15-23""",36.329783511780604,127.37889395794,true,[],[],[],2023-02-23 03:21:41,,,
665,들말어린이공원,"대전광역시 서구 가장동 405""",36.329180108743,127.38231019822,true,[],[],[],2023-02-23 03:22:09,,,
666,도솔청소년문화의집 앞,"대전광역시 서구 배재로197번길 41""",36.325552589063854,127.3680429155691,true,[],[],[],2023-02-23 03:22:30,,,
667,대전서구국민체육센터,"대전광역시 서구 정림서로 181""",36.30403902443406,127.36292604123229,true,[],[],[],2023-02-23 03:24:28,,,
668,기성동행정복지센터,"대전광역시 서구 흑석1길 16""",36.25581454468622,127.34141705891614,true,[],[],[],2023-02-23 03:24:51,,,
669,도안동행정복지센터,"대전광역시 서구 원도안로242번길 33""",36.32355296127041,127.34660958830554,true,[],[],[],2023-02-23 03:25:18,,,
671,이마트 계양점,"인천광역시 계양구 작전동 941""",37.53077194346032,126.73668170626765,true,[],[],[],2023-02-23 05:19:20,,,
674,밀양문화체육회관,"경상남도 밀양시 삼문동 4-122""",35.48821778747901,128.75717042415738,true,[],[],[],2023-02-28 10:57:01,,,
675,밀양시립도서관,"경상남도 밀양시 중앙로 265""",35.486784393266944,128.75504022975989,true,[],[],[],2023-02-28 10:57:24,,,
676,밀양시보건소,"경상남도 밀양시 삼문중앙로 41""",35.48542971301051,128.7563246769572,true,[],[],[],2023-02-28 10:58:03,,,
677,밀양종합사회복지관,"경상남도 밀양시 삼문동 34-13""",35.4833678277244,128.7589846790016,true,[],[],[],2023-02-28 10:58:20,,,
678,밀양파크골프장,"경상남도 밀양시 삼문동 630-2""",35.48227382065473,128.74293287563756,true,[],[],[],2023-02-28 10:59:05,,,
680,양평2동행정복지센터,"서울특별시 영등포구 양평동4가 96""",37.53618095206761,126.89432612740916,true,[],[],[],2023-03-16 08:14:51,,,
681,시립문래청소년센터,"서울특별시 영등포구 문래동3가 73""",37.51868557686548,126.89412739680448,true,[],[],[],2023-03-16 08:15:21,,,
682,신길4동주민센터,"서울특별시 영등포구 신길동 209-102""",37.5083675665045,126.91144095255513,true,[],[],[],2023-03-16 08:15:47,,,
683,중앙예닮학교,"경기도 용인시 수지구 포은대로 91-19""",37.30240646041947,127.07050130809624,true,[],[],[],2023-03-21 06:26:05,,,
684,리앤업사이클센터,"서울특별시 강동구 동남로 960""",37.559274813790935,127.15714919552384,true,[],[],[],2023-03-24 02:57:37,,,
685,필동주민센터,"서울특별시 중구 퇴계로36길 42""",37.56017669413463,126.99551805172806,true,[],[],[],2023-03-24 08:38:58,,,
686,쓰레기연구소 새롬,"서울특별시 중구 퇴계로52길 12""",37.56277834993636,127.00367849454618,true,[],[],[],2023-03-24 08:39:26,,,
687,대심어린이공원,"경상북도 예천군 예천읍 대심리 73-5""",36.64913537409112,128.4420600515174,true,[],[],[],2023-03-29 02:36:42,,,
688,호명면 호반 2차 버스승강장,"경상북도 예천군 호명면 산합리 1388""",36.57818541753206,128.48123777494135,true,[],[],[],2023-03-29 02:38:13,,,
689,신월청소년문화센터,"서울특별시 양천구 신월동 150-3""",37.53533605680068,126.82573445451187,true,[],[],[],2023-03-31 06:38:51,,,
690,신월3동행정복지센터,"서울특별시 양천구 신월동 167-5""",37.533561363800246,126.82900550565778,true,[],[],[],2023-03-31 06:39:47,,,
691,양서중학교 담벼락,"서울특별시 양천구 신월동 790""",37.533632086348256,126.8296247870845,true,[],[],[],2023-03-31 06:42:06,,,
692,문정어린이공원,"대전광역시 서구 둔산동 2008""",36.34976301507386,127.39884269224092,true,[],[],[],2023-03-31 09:25:56,,,
693,마치광장,"대전광역시 서구 관저동 1538""",36.29763056327175,127.33871299913908,true,[],[],[],2023-03-31 09:27:00,,,
695,만년동행정복지센터,"대전광역시 서구 만년로 19""",36.36748044584128,127.37507917535116,true,[],[],[],2023-03-31 23:32:17,,,
696,예정어린이공원,"대전광역시 서구 내동 16-1""",36.331504202414415,127.37835932842714,true,[],[],[],2023-03-31 23:34:25,,,
697,상명대부속여고(포인트 적립 불가),"서울특별시 종로구 홍지문2길 20""",37.60326229319497,126.95388066754424,true,[],[],[],2023-04-07 06:18:04,,,
698,수지구청,"경기도 용인시 수지구 풍덕천동 791""",37.32261971697652,127.09787418230596,true,[],[],[],2023-04-18 00:46:54,,,
699,동백2동행정복지센터,"경기도 용인시 기흥구 동백중앙로 214""",37.27252646319501,127.15146345007648,true,[],[],[],2023-04-18 00:47:47,,,
702,상중이동행정복지센터,"대구광역시 서구 당산로 343""",35.8669813077924,128.54610648185678,true,[],[],[],2023-04-21 09:07:29,,,
703,내당4동행정복지센터,"대구광역시 서구 내당동 354-7""",35.85892301094318,128.55167866226398,true,[],[],[],2023-04-21 09:07:55,,,
704,대구 서구청,"대구광역시 서구 국채보상로 257""",35.871735096851474,128.55881234592667,true,[],[],[],2023-04-21 09:08:56,,,
705,백마고등학교(포인트적립불가),"경기도 고양시 일산동구 백석로 155""",37.65206208094053,126.79386569625932,true,[],[],[],2023-04-25 10:24:07,,,
706,근덕면 행정복지센터,"강원특별자치도 삼척시 근덕면 삼척로 3639""",37.37946260565106,129.22587672659037,true,[],[],[],2023-04-27 00:45:47,,,
707,원덕읍 행정복지센터,"강원특별자치도 삼척시 원덕읍 호산리 244-3""",37.17703813427566,129.33532349673516,true,[],[],[],2023-04-27 00:47:15,,,
708,도계작은영화관,"강원특별자치도 삼척시 도계읍 전두리 58-8""",37.2296399384203,129.04310540328348,true,[],[],[],2023-04-27 00:47:49,,,
709,사직동 공영주차장,"강원특별자치도 삼척시 사직동 302-1""",37.433998718858206,129.1683949432682,true,[],[],[],2023-04-27 00:49:39,,,
711,사당역 7번출구 앞,"서울특별시 동작구 사당동 1043-14""",37.4768684276705,126.98063372044562,true,[],[],[],2023-05-09 01:10:40,,,
712,성남동행정복지센터,"경기도 성남시 중원구 광명로 91""",37.43516366345636,127.13907051266769,true,[],[],[],2023-05-22 09:24:15,,,
715,함양읍행정복지센터,"경상남도 함양군 함양읍 운림리 40-2""",35.51966926020203,127.72648997683318,true,[],[],[],2023-05-30 10:07:41,,,
716,남지읍행정복지센터,"경상남도 창녕군 남지읍 낙동로 483""",35.38917673561014,128.4771093907675,true,[],[],[],2023-05-30 10:12:09,,,
717,창녕읍행정복지센터,"경상남도 창녕군 창녕읍 종로 38-9""",35.54124326145761,128.50046786801076,true,[],[],[],2023-05-30 10:16:52,,,
719,"버스정류장(안계,토매 방면)","경상북도 의성군 안계면 용기리 1116-81""",36.38298414492413,128.44051705075975,true,[],[],[],2023-05-30 10:25:52,,,
720,안계면행정복지센터,"경상북도 의성군 안계면 안계길 114""",36.38343333782756,128.43969510297228,true,[],[],[],2023-05-30 10:27:53,,,
721,덕풍2동행정복지센터,"경기도 하남시 덕풍동 693""",37.54233106885146,127.19792522296925,true,[],[],[],2023-05-31 09:33:14,,,
722,강북구청,"서울특별시 강북구 도봉로89길 13""",37.63958731640999,127.0256853068392,true,[],[],[],2023-05-31 09:36:13,,,
723,강북문화예술회관,"서울특별시 강북구 삼각산로 85""",37.64052190696967,127.01307508407244,true,[],[],[],2023-05-31 09:37:08,,,
724,삼각산동주민센터,"서울특별시 강북구 삼양로19길 25""",37.6151805250552,127.020948144694,true,[],[],[],2023-05-31 09:37:45,,,
725,덕풍동 도시재생 현장지원센터,"경기도 하남시 하남대로833번길 28""",37.54159703465373,127.20437296016696,true,[],[],[],2023-05-31 09:37:49,,,
726,미아동주민센터,"서울특별시 강북구 미아동 197-1""",37.626907913569376,127.0269468651311,true,[],[],[],2023-05-31 09:38:16,,,
727,번2동주민센터,"서울특별시 강북구 한천로 897""",37.63229474601691,127.03884707049576,true,[],[],[],2023-05-31 09:39:42,,,
728,서문시장,"대구광역시 중구 큰장로26길 45""",35.86881671775273,128.58077325437412,true,[],[],[],2023-05-31 09:44:32,,,
729,대구 중구 재활용센터,"대구광역시 중구 태평로51길 77""",35.87385480126191,128.60922037846717,true,[],[],[],2023-05-31 09:45:13,,,
730,효자2동행정복지센터,"강원특별자치도 춘천시 효자동 148-31""",37.87228603985787,127.73643377909475,true,[],[],[],2023-05-31 09:46:53,,,
731,대구 중구 보건소,"대구광역시 중구 태평로3가 174-1""",35.87753887039087,128.5830669511672,true,[],[],[],2023-05-31 09:47:03,,,
732,교동행정복지센터,"강원특별자치도 춘천시 교동 96-2""",37.88029617717871,127.73629472595027,true,[],[],[],2023-05-31 09:50:23,,,
733,후평1동행정복지센터,"강원특별자치도 춘천시 후평동 713-5""",37.88599660110046,127.74527497388787,true,[],[],[],2023-05-31 09:54:07,,,
734,후평2동행정복지센터,"강원특별자치도 춘천시 후평동 792-1""",37.87747255918185,127.7507897644314,true,[],[],[],2023-05-31 09:55:05,,,
735,동면행정복지센터,"강원특별자치도 춘천시 동면 지내리 209-26""",37.90997676381025,127.78142699160593,true,[],[],[],2023-05-31 09:59:34,,,
736,완도군생활문화센터,"전라남도 완도군 완도읍 개포로 111""",34.31634997854813,126.7420606560065,true,[],[],[],2023-06-02 03:20:28,,,
740,월촌중학교,"서울특별시 양천구 목동서로 31""",37.53771340525682,126.88317054901891,true,[],[],[],2023-06-14 00:41:42,,,
742,신성복지회관,"전라남도 강진군 강진읍 서성리 40-3""",34.63723470365785,126.76528344270712,true,[],[],[],2023-06-19 04:12:03,,,
743,사의재 버스주차장,"전라남도 강진군 강진읍 동성리 300-1""",34.64420631131579,126.77188997702297,true,[],[],[],2023-06-19 04:14:24,,,
744,이곡1동행정복지센터,"대구광역시 달서구 이곡동 672-2""",35.85154864898369,128.5107263885789,true,[],[],[],2023-06-27 11:41:14,,,
745,신당동행정복지센터,"대구광역시 달서구 신당동 1750-1""",35.85876459197745,128.49922319227466,true,[],[],[],2023-06-27 11:42:07,,,
746,용산2동행정복지센터,"대구광역시 달서구 용산동 499-7""",35.85854352367828,128.52288665251783,true,[],[],[],2023-06-27 11:42:40,,,
747,용산1동행정복지센터,"대구광역시 달서구 용산로 212-7""",35.85665655353473,128.531141756148,true,[],[],[],2023-06-27 11:43:10,,,
748,죽전동행정복지센터,"대구광역시 달서구 죽전1길 176""",35.857501303422644,128.5390812123597,true,[],[],[],2023-06-27 11:43:55,,,
749,장기동행정복지센터,"대구광역시 달서구 장기동 817-3""",35.84321414179786,128.53021369756627,true,[],[],[],2023-06-27 11:44:27,,,
750,본리동행정복지센터,"대구광역시 달서구 본리동 110-4""",35.84106674502007,128.54292774971077,true,[],[],[],2023-06-27 11:44:47,,,
751,청소년수련관 공용주차장,"대구광역시 달서구 상화로 406""",35.80787348978892,128.55840392624145,true,[],[],[],2023-06-27 11:45:50,,,
752,능금어린이공원,"대구광역시 달서구 명덕로2길 57""",35.85941299567297,128.5710054013832,true,[],[],[],2023-06-27 11:46:14,,,
753,유천동행정복지센터,"대구광역시 달서구 유천동 606""",35.817225183992484,128.5141722514206,true,[],[],[],2023-06-27 11:47:17,,,
754,월성1동행정복지센터,"대구광역시 달서구 월성동 1396-3""",35.81928676302418,128.52271725235033,true,[],[],[],2023-06-27 11:47:41,,,
755,월성2동행정복지센터,"대구광역시 달서구 월성동 86-3""",35.83091270717219,128.52814045888098,true,[],[],[],2023-06-27 11:48:17,,,
756,달서구노인종합복지관,"대구광역시 달서구 본동 804-2""",35.83350397442265,128.54203706565733,true,[],[],[],2023-06-27 11:49:01,,,
757,송현2동행정복지센터,"대구광역시 달서구 송현동 528-3""",35.832601204669494,128.54549441921338,true,[],[],[],2023-06-27 11:49:29,,,
758,월곡역사공원,"대구광역시 달서구 상인동 1530""",35.81842153926616,128.5446164737241,true,[],[],[],2023-06-27 11:49:59,,,
759,상인2동행정복지센터,"대구광역시 달서구 상원로 27""",35.81259088655533,128.5361920293517,true,[],[],[],2023-06-27 11:50:30,,,
760,도원동행정복지센터,"대구광역시 달서구 한실로 53""",35.80749653934275,128.5323518879029,true,[],[],[],2023-06-27 11:51:02,,,
761,두류3동행정복지센터,"대구광역시 달서구 두류동 483-8""",35.85358703240246,128.5556010919812,true,[],[],[],2023-06-27 11:51:35,,,
762,율곡동행정복지센터,"경상북도 김천시 율곡동 369""",36.1215146455393,128.18333490543102,true,[],[],[],2023-06-27 11:52:05,,,
763,대곡동행정복지센터,"경상북도 김천시 부곡동 1330""",36.12446763206349,128.0891077639007,true,[],[],[],2023-06-27 11:52:43,,,
764,지좌동행정복지센터,"경상북도 김천시 영남대로 1940""",36.11997377709755,128.1424821395249,true,[],[],[],2023-06-27 11:53:23,,,
765,경산시립도서관,"경상북도 경산시 하양읍 금락리 97""",35.91315088518376,128.81295949604166,true,[],[],[],2023-06-27 12:01:30,,,
766,경산시립박물관,"경상북도 경산시 박물관로 46""",35.81366186015631,128.7628071284771,true,[],[],[],2023-06-27 12:02:19,,,
767,영등포다목적배드민턴체육관,"서울특별시 영등포구 도림동 254""",37.506257731519206,126.89840312794556,true,[],[],[],2023-06-27 12:05:17,,,
768,대림어린이공원,"서울특별시 영등포구 대림로 106""",37.49124633359681,126.9030030569184,true,[],[],[],2023-06-27 12:05:56,,,
769,중화2동 제2공영주차장,"서울특별시 중랑구 중화동 73-3""",37.5972466531889,127.07535048382104,true,[],[],[],2023-06-27 12:13:11,,,
770,비래동행정복지센터,"대전광역시 대덕구 비래동 140-5""",36.35501342363965,127.44992309009103,true,[],[],[],2023-06-27 12:19:07,,,
771,난곡재생활력소,"서울특별시 관악구 신림동 646-131""",37.46952011229598,126.9236135597889,true,[],[],[],2023-06-27 12:35:42,,,
772,성현동자치회관,"서울특별시 관악구 봉천동 1703-6""",37.48722597080704,126.95679864234084,true,[],[],[],2023-06-27 12:36:23,,,
773,갈마동건능골경로당,"대전광역시 서구 갈마동 402-1""",36.34477290937215,127.37153647707308,true,[],[],[],2023-06-27 12:41:09,,,
774,둔산1동행정복지센터,"대전광역시 서구 둔산동 1402""",36.35244290141649,127.3861476733976,true,[],[],[],2023-06-27 12:41:42,,,
776,골약동행정복지센터,"전라남도 광양시 성황동 1861""",34.93725826069644,127.67889111792437,true,[],[],[],2023-06-28 09:22:07,,,
777,오치2동행정복지센터,"광주광역시 북구 오치동 861-58""",35.18994629298682,126.9004850062225,true,[],[],[],2023-06-29 03:29:36,,,
778,속초시청,"강원특별자치도 속초시 중앙로 183""",38.20743909910977,128.59198870221692,true,[],[],[],2023-07-06 09:21:08,,,
779,노학동행정복지센터,"강원특별자치도 속초시 동해대로 4245""",38.19708179363344,128.57631591148967,true,[],[],[],2023-07-06 09:21:57,,,
780,속초시립도서관,"강원특별자치도 속초시 조양로 89""",38.18669022166711,128.59088634747104,true,[],[],[],2023-07-06 09:22:42,,,
781,엑스포제3공영주차장,"강원특별자치도 속초시 조양동 1559-4""",38.19126064704305,128.58515038881816,true,[],[],[],2023-07-06 09:23:21,,,
782,속초해수욕장제2공영주차장,"강원특별자치도 속초시 조양동 1450-4""",38.18965079560362,128.60286953168742,true,[],[],[],2023-07-06 09:25:26,,,
783,하동읍행정복지센터,"경상남도 하동군 하동읍 읍내리 1198-1""",35.07186753845991,127.74528148238,true,[],[],[],2023-07-14 01:58:28,,,
784,마동근린체육공원,"전라남도 광양시 중동 674-4""",34.951867163837235,127.69247167222208,true,[],[],[],2023-07-14 06:41:51,,,
785,중동행정복지센터,"대구광역시 수성구 중동 44-6""",35.84728334037656,128.61519139066007,true,[],[],[],2023-07-14 06:53:30,,,
786,상동행정복지센터,"대구광역시 수성구 상동 400""",35.83219007743174,128.6156268061869,true,[],[],[],2023-07-14 06:56:22,,,
787,수성구립무학숲도서관,"대구광역시 수성구 지산동 888-1""",35.83530042458795,128.6306989042572,true,[],[],[],2023-07-14 07:45:16,,,
788,에덴테마어린이공원 ,"대구광역시 수성구 지산동 1272-1""",35.82145511364238,128.63230212869917,true,[],[],[],2023-07-14 07:46:37,,,
789,모종캐슬어울림,"충청남도 아산시 모종로22번길 7""",36.78378427792959,127.02159907728893,true,[],[],[],2023-07-18 08:45:43,,,
790,탕정삼성트라팰리스,"충청남도 아산시 탕정면 탕정면로 37""",36.801155325632806,127.0610216434242,true,[],[],[],2023-07-18 08:48:51,,,
791,올림픽기념국민생활관,"서울특별시 종로구 성균관로 91""",37.590303782598426,126.99901493277574,true,[],[],[],2023-07-26 09:28:48,,,
792,종로구민회관,"서울특별시 종로구 지봉로5길 7-5""",37.57344077315995,127.01472456572029,true,[],[],[],2023-07-27 03:09:37,,,
793,국토정중앙면사무소 옆,"강원특별자치도 양구군 국토정중앙면 용하리 416-1""",38.10832567285448,128.03459351076413,true,[],[],[],2023-07-31 09:32:10,,,
794,광진구민체육센터,"서울특별시 광진구 광장동 313-3""",37.546068778378384,127.10638941530132,true,[],[],[],2023-07-31 09:39:06,,,
795,중곡문화체육센터,"서울특별시 광진구 중곡동 168-8""",37.567919813318,127.08459986235918,true,[],[],[],2023-07-31 09:40:39,,,
796,오금동주민센터,"서울특별시 송파구 오금동 50-1""",37.503008500506354,127.12820916536158,true,[],[],[],2023-07-31 09:44:55,,,
797,거여2동주민센터,"서울특별시 송파구 거여동 697-9""",37.49344704831605,127.1471336616652,true,[],[],[],2023-07-31 09:46:14,,,
798,위례동주민센터,"서울특별시 송파구 장지동 882""",37.48104401767678,127.14401712129649,true,[],[],[],2023-07-31 09:47:01,,,
799,한마음공원,"충청남도 당진시 읍내동 1487""",36.90025779877409,126.6295018606044,true,[],[],[],2023-08-16 09:45:30,,,
800,당진교육문화스포츠센터,"충청남도 당진시 읍내동 232-85""",36.89383020491944,126.63222545008948,true,[],[],[],2023-08-16 09:47:24,,,
801,양주시 스마트그린포트,"경기도 양주시 옥정동 975-1""",37.837490103670085,127.0895190671872,true,[],[],[],2023-08-17 09:33:09,,,
802,양주1동행정복지센터,"경기도 양주시 외미로64번길 45""",37.7733608727326,127.0439319915168,true,[],[],[],2023-08-17 09:34:43,,,
803,대전 대신고등학교(포인트 적립 불가),"대전광역시 서구 오량1길 98""",36.3090299032432,127.38084504889738,true,[],[],[],2023-08-18 10:00:09,,,
804,관양1동행정복지센터,"경기도 안양시 동안구 관평로358번길 46""",37.406314253608016,126.96145627135154,true,[],[],[],2023-08-22 01:22:12,,,
805,동산중학교,"인천광역시 동구 동산로 58""",37.4735288190937,126.64758502192672,true,[],[],[],2023-08-22 04:27:11,,,
806,인천외국어고등학교(포인트 적립 불가),"인천광역시 부평구 원적로 262""",37.50289535927369,126.69472577485756,true,[],[],[],2023-08-22 04:28:11,,,
807,라온초등학교,"전라남도 나주시 그린로 93""",35.014307422958844,126.77889800252174,true,[],[],[],2023-08-22 09:04:27,,,
809,여수시청 구보건소,"전라남도 여수시 시청동1길 23""",34.75882454337672,127.66340322704144,true,[],[],[],2023-08-22 09:20:28,,,
810,성암맨션,"전라남도 곡성군 옥과면 죽림2길 45""",35.275722241406754,127.14116145872616,true,[],[],[],2023-08-25 07:43:08,,,
811,옥과해광샹그릴라,"전라남도 곡성군 옥과면 죽림리 632-13""",35.27606220829941,127.14140935404777,true,[],[],[],2023-08-25 07:43:38,,,
812,옥과면 재활용동네마당,"전라남도 곡성군 옥과면 옥과리 128-1""",35.276196242579246,127.13452898809604,true,[],[],[],2023-08-25 08:29:20,,,
813,옥과면 행정복지센터,"전라남도 곡성군 옥과면 천변로 135""",35.27389878407519,127.1356847463604,true,[],[],[],2023-09-01 01:00:12,,,
814,송산사지근린공원,"경기도 의정부시 민락동 878""",37.74851432660562,127.10979323314184,true,[],[],[],2023-09-07 03:04:49,,,
815,원광중학교,"전라북도 익산시 무왕로31길 154""",35.97454323444348,127.00015522328036,true,[],[],[],2023-09-14 08:07:22,,,
816,신성중학교(포인트 적립 불가),"경기도 안양시 만안구 소곡로 93""",37.384468324918814,126.91978738777333,true,[],[],[],2023-09-20 00:44:48,,,
817,합천영상테마파크,"경상남도 합천군 용주면 합천호수로 757""",35.54824121169576,128.07244580642669,true,[],[],[],2023-09-21 12:23:20,,,
818,신길6동주민센터,"서울특별시 영등포구 대방천로 167""",37.49933152538133,126.90984011281049,true,[],[],[],2023-09-22 08:35:37,,,
819,광영동주민센터,"전라남도 광양시 광영동 1087""",34.96300507138321,127.72540994657514,true,[],[],[],2023-10-04 00:46:35,,,
820,현북면사무소,"강원특별자치도 양양군 현북면 하조대1길 41-8""",38.01906521275921,128.7232311376125,true,[],[],[],2023-10-04 00:50:04,,,
821,북경주행정복지센터,"경상북도 경주시 안강읍 안강리 346-27""",35.98980970351883,129.227003950398,true,[],[],[],2023-10-05 08:28:53,,,
822,경주시민운동장 입구,"경상북도 경주시 황성공원로 30""",35.8599898445183,129.21062779046147,true,[],[],[],2023-10-05 08:30:31,,,
823,경주시립도서관,"경상북도 경주시 원화로 431-18""",35.85959426758006,129.21851987641912,true,[],[],[],2023-10-05 08:31:20,,,
824,동천초등학교(포인트 적립 불가),"대구광역시 수성구 상록로16길 20""",35.86570729789959,128.62570332885193,true,[],[],[],2023-10-10 00:52:08,,,
825,청목초등학교(포인트 적립 불가),"경기도 화성시 동탄순환대로21길 10""",37.1959423004088,127.11752844435937,true,[],[],[],2023-10-12 07:17:10,,,
826,부암동주민센터,"서울특별시 종로구 부암동 265-21""",37.592456211284656,126.9641261027153,true,[],[],[],2023-10-17 03:26:51,,,
827,청안공원,"경상남도 창원시 진해구 용원동 1207-1""",35.103466156547874,128.80659820108448,true,[],[],[],2023-10-17 06:55:48,,,
828,창원의집,"경상남도 창원시 의창구 사림동 70""",35.24412588694507,128.6807813962187,true,[],[],[],2023-10-17 07:25:51,,,
829,진동종합복지타운,"경상남도 창원시 마산합포구 진동면 신서촌로 15""",35.11597892503182,128.48439621614386,true,[],[],[],2023-10-17 07:29:49,,,
830,방축공영주차장,"인천광역시 계양구 방축동 113""",37.550611251913885,126.73943258275364,true,[],[],[],2023-10-17 09:28:25,,,
831,계산3동행정복지센터,"인천광역시 계양구 계산동 480-7""",37.53775609454397,126.7293365837914,true,[],[],[],2023-10-17 09:31:14,,,
832,거여목체육공원,"인천광역시 계양구 서운동 215""",37.53393605361497,126.75631743956536,true,[],[],[],2023-10-17 09:32:06,,,
833,흥선동 에코리움,"경기도 의정부시 가능동 678""",37.74690312346038,127.03277982881131,true,[],[],[],2023-10-18 07:12:42,,,
834,구문소동행정복지센터,"강원특별자치도 태백시 장성동 99-42""",37.100111710300006,129.0220267858398,true,[],[],[],2023-10-19 09:49:30,,,
835,장성동주민센터,"강원특별자치도 태백시 장성동 170-142""",37.10045421336464,129.0085052869527,true,[],[],[],2023-10-19 09:50:11,,,
836,상장동행정복지센터,"강원특별자치도 태백시 태백로 1182""",37.15338706961255,128.9909033870489,true,[],[],[],2023-10-19 09:52:45,,,
837,통리장공영주차장,"강원특별자치도 태백시 통동 산 51-13""",37.1681829226084,129.03657182074394,true,[],[],[],2023-10-19 09:54:40,,,
838,홍천남면행정복지센터,"강원특별자치도 홍천군 남면 양덕원리 349-17""",37.61794715324621,127.767308499398,true,[],[],[],2023-10-25 08:43:22,,,
839,화촌면행정복지센터,"강원특별자치도 홍천군 화촌면 성산로 143""",37.77101095670267,127.96709727105092,true,[],[],[],2023-10-25 08:43:51,,,
840,동송읍행정복지센터,"강원특별자치도 철원군 동송읍 이평로 141""",38.2076467049322,127.2084392552458,true,[],[],[],2023-10-31 06:14:09,,,
841,철원읍행정복지센터,"강원특별자치도 철원군 철원읍 화지로11번길 40""",38.21587949647989,127.21421783762705,true,[],[],[],2023-10-31 06:14:39,,,
842,철원군청,"강원특별자치도 철원군 갈말읍 삼부연로 51""",38.14662989254428,127.31250929641983,true,[],[],[],2023-10-31 06:15:08,,,
843,철원 서면사무소,"강원특별자치도 철원군 서면 신술2길 40""",38.16468131694298,127.41578581147904,true,[],[],[],2023-10-31 06:15:35,,,
844,가정1동행정복지센터,"인천광역시 서구 가정동 490-19""",37.521263774991546,126.67585019920874,true,[],[],[],2023-10-31 09:30:02,,,
845,녹청자박물관 앞,"인천광역시 서구 경서동 737-9""",37.55842664077727,126.65561444263707,true,[],[],[],2023-10-31 09:30:59,,,
846,신용보증기금,"대구광역시 동구 신서동 1157""",35.87744189061068,128.72802725225026,true,[],[],[],2023-11-06 02:12:33,,,
847,영등포제1스포츠센터,"서울특별시 영등포구 신길동 426-3""",37.5003692811673,126.90610971768376,true,[],[],[],2023-11-10 06:32:18,,,
848,복현어울림쉼터,"대구광역시 북구 복현동 603-2""",35.89170451518761,128.61539843650863,true,[],[],[],2023-11-16 01:38:21,,,
849,예천아이사랑안심케어센터,"경상북도 예천군 예천읍 서본리 49-2""",36.65620954216841,128.45070248655756,true,[],[],[],2023-11-23 03:15:50,,,
850,백전천생태공원,"경상북도 예천군 예천읍 백전리 447-1""",36.66313430429399,128.4599029099776,true,[],[],[],2023-11-23 03:16:50,,,
851,예천군 복합커뮤니티센터,"경상북도 예천군 호명면 산합리 1124""",36.57770101708396,128.47361207036437,true,[],[],[],2023-11-23 03:17:21,,,
852,예천군 제2공영주차장,"경상북도 예천군 호명면 산합리 1448""",36.57602129833092,128.49111965279818,true,[],[],[],2023-11-23 03:17:53,,,
853,양주2동행정복지센터,"경기도 양주시 고읍로 77""",37.79684088658652,127.08054002619454,true,[],[],[],2023-11-23 08:47:59,,,
854,회천3동행정복지센터,"경기도 양주시 덕정동 206-6""",37.837607751537504,127.06860772942126,true,[],[],[],2023-11-23 08:49:13,,,
855,중랑구 환경교육센터,"서울특별시 중랑구 신내동 353-2""",37.61355819622565,127.1006865098768,true,[],[],[],2023-11-24 06:36:09,,,
856,면목5동주민센터,"서울특별시 중랑구 면목동 175-18""",37.58570894813155,127.07955060411322,true,[],[],[],2023-11-24 06:37:34,,,
857,대방청소년문화의집,"서울특별시 동작구 여의대방로36길 71""",37.5069655129549,126.9264057518713,true,[],[],[],2023-12-01 06:06:01,,,
858,도림천산책길 ,"서울특별시 동작구 신대방동 702-2""",37.48531857313488,126.90406790173904,true,[],[],[],2023-12-01 06:08:01,,,
859,사당5동주민센터 ,"서울특별시 동작구 사당동 산 32-56""",37.48558491391103,126.9669756967508,true,[],[],[],2023-12-01 06:08:31,,,
860,상도1동 주민센터 정문 옆,"서울특별시 동작구 상도동 437""",37.49819887031303,126.95320746717874,true,[],[],[],2023-12-01 06:10:53,,,
861,절고개공원,"서울특별시 동작구 상도1동 508-2""",37.50712729312206,126.95185600051563,true,[],[],[],2023-12-01 06:16:39,,,
862,목동보건지소,"서울특별시 양천구 목동 717-43""",37.54015607738499,126.86704283823484,true,[],[],[],2023-12-01 09:01:20,,,
863,신월1동주민센터,"서울특별시 양천구 신월동 135-18""",37.53277419951312,126.83141433420565,true,[],[],[],2023-12-01 09:02:55,,,
864,곰달래꿈마을,"서울특별시 양천구 신월동 227-2""",37.52986242257901,126.83672689910496,true,[],[],[],2023-12-01 09:15:30,,,
865,신월문화체육센터,"서울특별시 양천구 신월동 987""",37.519987336886565,126.83502617218068,true,[],[],[],2023-12-01 09:17:15,,,
866,신정3동주민센터,"서울특별시 양천구 신정동 1263""",37.51520658775184,126.8549105549589,true,[],[],[],2023-12-01 09:18:06,,,
867,목4동시장고객지원센터,"서울특별시 양천구 목동중앙남로7길 8""",37.53758273511978,126.86616769508475,true,[],[],[],2023-12-01 09:18:47,,,
868,목동근린공원,"서울특별시 양천구 목동 560""",37.54695017114461,126.87799601857948,true,[],[],[],2023-12-01 09:19:16,,,
869,상도3동 빙수골공원,"서울특별시 동작구 상도동 292-56""",37.4967312063293,126.93203045004968,true,[],[],[],2023-12-07 07:42:23,,,
870,마곡레포츠센터,"서울특별시 강서구 양천로 251""",37.57302821474351,126.83121892586334,true,[],[],[],2023-12-11 05:02:07,,,
871,곰달래문화복지센터,"서울특별시 강서구 강서로5길 50""",37.52906336214981,126.84901209687676,true,[],[],[],2023-12-11 05:03:56,,,
872,화곡4동주민센터,"서울특별시 강서구 곰달래로57가길 26""",37.53470669016544,126.86066848011164,true,[],[],[],2023-12-11 05:04:38,,,
874,무지개어린이공원,"대구광역시 북구 대학로17길 11""",35.89314213049734,128.60866381480707,true,[],[],[],2023-12-11 06:58:59,,,
875,경북대 버스정류장 앞,"대구광역시 북구 산격동 1370-1""",35.89307926693431,128.61016038647884,true,[],[],[],2023-12-11 07:00:25,,,
876,길동제2자치회관,"서울특별시 강동구 명일로 229-1""",37.539237071751685,127.14628162593294,true,[],[],[],2023-12-11 08:53:09,,,
877,상일1동주민센터,"서울특별시 강동구 상일동 513-2""",37.550575923629175,127.1684163966396,true,[],[],[],2023-12-11 08:57:25,,,
878,천호청소년문화의집,"서울특별시 강동구 천호동 308-9""",37.54518162925066,127.12868306536748,true,[],[],[],2023-12-11 08:57:51,,,
879,성내1동주민센터,"서울특별시 강동구 성내로 13""",37.530389409387645,127.12237863258537,true,[],[],[],2023-12-11 08:58:38,,,
880,도솔마을 어울림플랫폼,"대전광역시 서구 도마동 105-10""",36.31726706184633,127.37502776811466,true,[],[],[],2023-12-12 03:19:31,,,
882,변산송림아파트,"전라북도 부안군 변산면 지서로 80""",35.66477690713523,126.52870732131036,true,[],[],[],2023-12-13 00:33:55,,,
883,부안상원아파트,"전라북도 부안군 부안읍 상원길 19""",35.73074784844702,126.73912415342552,true,[],[],[],2023-12-13 00:35:21,,,
884,관악청년청,"서울특별시 관악구 봉천동 912-26""",37.4821959892197,126.9456394164233,true,[],[],[],2023-12-13 08:07:52,,,
885,원주동부복합체육센터,"강원특별자치도 원주시 건강로 73""",37.32035886772736,127.98973889039314,true,[],[],[],2023-12-17 23:59:52,,,
886,태장2동 행정복지센터,"강원특별자치도 원주시 흥양로50번길 1""",37.38240227146001,127.95286778804038,true,[],[],[],2023-12-18 00:00:59,,,
887,상지대학교 동악관,"강원특별자치도 원주시 상지대길 83""",37.37000434358833,127.92740097448952,true,[],[],[],2023-12-18 00:02:06,,,
888,원주문막생활체육시설,"강원특별자치도 원주시 문막읍 문막리 750""",37.31176616531787,127.82356289680082,true,[],[],[],2023-12-18 00:04:05,,,
889,원주의료기기테크노밸리,"강원특별자치도 원주시 지정면 기업도시로 200""",37.37186610943613,127.87400561660388,true,[],[],[],2023-12-18 00:05:04,,,
890,서구동행정복지센터,"경상북도 안동시 안기천로 86""",36.564740619110985,128.7175165900633,true,[],[],[],2023-12-19 00:12:07,,,
891,감삼동행정복지센터,"대구광역시 달서구 감삼동 136-2""",35.85101443889616,128.5423069233852,true,[],[],[],2023-12-19 09:18:03,,,
892,합천군민체육관,"경상남도 합천군 합천읍 장수로 1""",35.56160312538942,128.1533765494947,true,[],[],[],2023-12-20 03:08:14,,,
893,괘내마을행복충전소,"부산광역시 사상구 백양대로646번나길 40""",35.16319675432966,128.98927938652088,true,[],[],[],2023-12-21 08:37:01,,,
895,도솔마을 작은도서관,"대전광역시 서구 사마5길 21""",36.3183662210691,127.37655028602808,true,[],[],[],2023-12-21 08:46:13,,,
896,연희동주민센터,"서울특별시 서대문구 연희로 189""",37.57381587421904,126.93526309578203,true,[],[],[],2023-12-22 07:19:52,,,
897,충현동주민센터,"서울특별시 서대문구 북아현로22길 38""",37.56482401410726,126.95476742953716,true,[],[],[],2023-12-22 07:20:31,,,
898,중앙소공원,"서울특별시 서대문구 홍은동 9-498""",37.598772724283485,126.9475675370066,true,[],[],[],2023-12-22 07:21:39,,,
899,홍제3동주민센터,"서울특별시 서대문구 세검정로4길 32""",37.59376191825137,126.94977057171717,true,[],[],[],2023-12-22 07:25:08,,,
900,남가좌2동주민센터,"서울특별시 서대문구 남가좌동 319-23""",37.5785144830211,126.92381367487594,true,[],[],[],2023-12-22 07:26:09,,,
901,남가좌1동주민센터,"서울특별시 서대문구 남가좌동 385-3""",37.57332888770126,126.91984845427817,true,[],[],[],2023-12-22 07:28:04,,,
902,서대문구 리앤업사이클플라자,"서울특별시 서대문구 홍은동 426-3""",37.58262391945621,126.9367923559844,true,[],[],[],2023-12-22 07:29:15,,,
903,서화면행정복지센터,"강원특별자치도 인제군 서화면 천도리 702-5""",38.21810269899792,128.20794332145005,true,[],[],[],2023-12-27 05:56:12,,,
904,인제북면행정복지센터,"강원특별자치도 인제군 북면 금강로 55""",38.1245840279046,128.2040798740036,true,[],[],[],2023-12-27 05:57:13,,,
905,현5리경로당,"강원특별자치도 인제군 기린면 현리 774-3""",37.94767575797009,128.31503752607793,true,[],[],[],2023-12-27 08:29:07,,,
906,인제상남면행정복지센터,"강원특별자치도 인제군 상남면 상남로38번길 10""",37.87406168975858,128.25989925494258,true,[],[],[],2023-12-27 08:30:05,,,
907,월평1동치안센터 옆,"대전광역시 서구 월평서로 13-1""",36.35482317491506,127.35753544012502,true,[],[],[],2023-12-28 02:43:00,,,
908,옥동행정복지센터,"경상북도 안동시 옥동 792-1""",36.56142094306259,128.70161075014295,true,[],[],[],2024-01-02 05:36:03,,,
909,이마트 안동점,"경상북도 안동시 옥동1길 2""",36.55877924760598,128.69951728552306,true,[],[],[],2024-01-02 05:36:45,,,
910,고창군여성회관,"전라북도 고창군 고창읍 월곡리 619""",35.43794547166223,126.71264903904898,true,[],[],[],2024-01-11 00:42:32,,,
911,영천시종합스포츠센터,"경상북도 영천시 교촌동 336-1""",35.97094767554444,128.92303570893355,true,[],[],[],2024-02-01 00:40:21,,,
912,북한산국립공원 오봉탐방지원센터,"경기도 양주시 장흥면 울대리 산 69-2""",37.7122774946287,126.98204413110476,"true,""devices"":[""SNBA2312001""],""display_devices"":[""SNBA2312001""],""reg_at"":1707889140000},{""idx"":913,""name"":""난곡동주민센터"",""address"":""서울특별시 관악구 난곡로30길 40"",""region_1"":""서울특별시"",""region_2"":""관악구"",""region_3"":"""",""image_url"":""https://superbin-web.s3.ap-northeast-2.amazonaws.com/location/1709090539903_SKSRHR.jpg"",""latitude"":37.47096497329959,""longitude"":126.92168748414323,""is_shown_user"":true",[],[],[],2024-02-28 03:22:28,,,
914,관곡어린이공원(제47호),"경기도 용인시 기흥구 구갈동 407-1""",37.274918681706616,127.1108352501852,true,[],[],[],2024-02-29 09:03:42,,,
915,양주시남면행정복지센터,"경기도 양주시 남면 개나리17길 6""",37.89807018254881,126.9768657198717,true,[],[],[],2024-02-29 09:31:33,,,
916,백석읍행정복지센터,"경기도 양주시 백석읍 중앙로223번길 46""",37.79470519915461,126.98535368277952,true,[],[],[],2024-02-29 09:36:57,,,
919,여의동주민센터,"서울특별시 영등포구 여의도동 5-8""",37.51757519386816,126.934675433513,true,[],[],[],2024-03-08 06:14:37,,,
920,남산2동행정복지센터,"대구광역시 중구 남산동 573-1""",35.86404282609187,128.5894851109833,true,[],[],[],2024-03-14 00:46:29,,,
921,남산어린이공원,"대구광역시 중구 남산로1길 32""",35.858232487069074,128.58130748957905,true,[],[],[],2024-03-14 00:46:56,,,
922,창녕교육지원청 통합지원센터,"경상남도 창녕군 창녕읍 교하리 5-3""",35.533933973873296,128.49996789344956,true,[],[],[],2024-03-22 09:29:34,,,
928,서구립 원고개도서관,"대구광역시 서구 달서로43길 12""",35.881922801850635,128.57089625111013,true,[],[],[],2024-03-26 02:18:14,,,
929,평리2동 행정복지센터,"대구광역시 서구 국채보상로60길 6""",35.87117282292541,128.56359259049933,true,[],[],[],2024-03-26 02:18:43,,,
930,평리6동 행정복지센터,"대구광역시 서구 서대구로41길 41""",35.87662497970944,128.55001976683457,true,[],[],[],2024-03-26 02:19:19,,,
931,내당1동 행정복지센터,"대구광역시 서구 서대구로4길 35""",35.86062315349558,128.560781064675,true,[],[],[],2024-03-26 02:22:05,,,
932,비산7동 행정복지센터,"대구광역시 서구 비산동 1890-2""",35.888018420031834,128.55362771083884,true,[],[],[],2024-03-26 02:22:32,,,
933,간석4동행정복지센터,"인천광역시 남동구 벽돌말로19번길 7""",37.466467175813534,126.70067567016926,true,[],[],[],2024-03-27 13:24:54,,,
934,구월2동행정복지센터,"인천광역시 남동구 구월동 23-1""",37.45622689074036,126.7132648975749,true,[],[],[],2024-03-27 13:25:17,,,
935,구월3동행정복지센터,"인천광역시 남동구 문화서로 84""",37.45273500843664,126.69683127918276,true,[],[],[],2024-03-27 13:25:43,,,
936,남동구노인복지관,"인천광역시 남동구 소래로 610""",37.44427082414611,126.73263161840887,true,[],[],[],2024-03-27 13:26:10,,,
937,남촌도림동행정복지센터,"인천광역시 남동구 남촌동로 32""",37.43234338939438,126.71515535048914,true,[],[],[],2024-03-27 13:26:46,,,
938,만수2동행정복지센터,"인천광역시 남동구 만수서로 46""",37.46147913394383,126.73119985419272,true,[],[],[],2024-03-27 13:27:15,,,
939,홈플러스 인천논현점(B3),"인천광역시 남동구 청능대로 596""",37.40048735803597,126.72536994190342,true,[],[],[],2024-03-27 13:27:43,,,
940,태전1동행정복지센터,"대구광역시 북구 태전동 255-15""",35.92423341591628,128.54312667173122,true,[],[],[],2024-03-27 13:34:39,,,
941,강북노인복지관,"대구광역시 북구 관음동 1372""",35.93637380994684,128.54664533842904,true,[],[],[],2024-03-27 13:35:29,,,
942,읍내동행정복지센터,"대구광역시 북구 읍내동 660-2""",35.94596296772416,128.55040621175274,true,[],[],[],2024-03-27 13:35:50,,,
943,함지노인복지관,"대구광역시 북구 구암동 773-1""",35.943023258935675,128.5704841941427,true,[],[],[],2024-03-27 13:36:15,,,
944,침산2동행정복지센터,"대구광역시 북구 침산동 5-1""",35.88729355893834,128.59686259170655,true,[],[],[],2024-03-27 13:36:38,,,
945,침산3동행정복지센터,"대구광역시 북구 성북로 55""",35.89202207844333,128.5894075131436,true,[],[],[],2024-03-27 13:37:02,,,
946,노원동행정복지센터,"대구광역시 북구 노원동2가 211""",35.89024884715041,128.5762656540257,true,[],[],[],2024-03-27 13:37:32,,,
947,고성동행정복지센터,"대구광역시 북구 고성로31길 21""",35.88184698905884,128.5837008157371,true,[],[],[],2024-03-27 13:39:29,,,
948,무태조야동행정복지센터,"대구광역시 북구 서변동 1777""",35.92134694101869,128.59724790231184,true,[],[],[],2024-03-27 13:40:12,,,
949,복현2동행정복지센터,"대구광역시 북구 복현동 산 107-3""",35.89548733049855,128.62555904344154,true,[],[],[],2024-03-27 13:40:42,,,
950,용신밥상 옆,"강원특별자치도 화천군 화천읍 신읍리 589-10""",38.115890867560886,127.69951014187806,true,[],[],[],2024-03-29 04:21:12,,,
951,풍산1리경로당,"강원특별자치도 화천군 화천읍 풍산리 761-6""",38.1460026049682,127.74111076337697,true,[],[],[],2024-03-29 04:28:39,,,
952,DMZ시네마,"강원특별자치도 화천군 상서면 산양리 737""",38.20981667839885,127.66277536530872,true,[],[],[],2024-03-29 04:59:27,,,
953,금정역7번출구,"경기도 군포시 산본동 100""",37.372651073854456,126.9424529848105,true,[],[],[],2024-04-01 02:38:40,,,
954,군포시청,"경기도 군포시 청백리길 6""",37.36122047925793,126.9359766993556,true,[],[],[],2024-04-01 02:39:26,,,
955,군포시다함께돌봄센터 광정동점,"경기도 군포시 광정로 104""",37.36190291457972,126.92798124901331,true,[],[],[],2024-04-01 02:40:57,,,
956,궁내동행정복지센터,"경기도 군포시 산본동 1148-7""",37.35963978722517,126.92198673346444,true,[],[],[],2024-04-01 05:06:08,,,
957,자양한강도서관,"서울특별시 광진구 뚝섬로52길 66""",37.52917699312867,127.07788685942712,true,[],[],[],2024-04-01 09:21:45,,,
958,구의1동주민센터,"서울특별시 광진구 광나루로36길 56""",37.54232617979952,127.08571095601036,true,[],[],[],2024-04-01 09:22:16,,,
959,중곡역 소공원,"서울특별시 광진구 중곡동 30-79""",37.5660252725091,127.08487503360828,true,[],[],[],2024-04-01 09:22:46,,,
960,아차산 숲속놀이터,"서울특별시 광진구 구의동 3-20""",37.55344496203339,127.09948519565172,true,[],[],[],2024-04-01 09:23:14,,,
961,재궁동 행정복지센터,"경기도 군포시 금정동 850-4""",37.35845376833235,126.93919039676769,true,[],[],[],2024-04-01 09:24:44,,,
962,군포시민체육광장,"경기도 군포시 산본로 267""",37.35518438629581,126.93745762751868,true,[],[],[],2024-04-01 09:27:37,,,
963,1.2대야송부행정복지센터,"경기도 군포시 군포로 531""",37.353467440404735,126.94558564983204,true,[],[],[],2024-04-01 09:28:51,,,
964,군포2동행정복지센터,"경기도 군포시 고산로 263""",37.346447251136816,126.94309089141996,true,[],[],[],2024-04-01 09:29:51,,,
965,대야동행정복지센터,"경기도 군포시 대야2로 139""",37.33025727327227,126.9155150269904,true,[],[],[],2024-04-01 09:30:47,,,
966,송부동행정복지센터,"경기도 군포시 송부로74번길 3-32""",37.31627880086569,126.92369557084989,true,[],[],[],2024-04-01 09:31:44,,,
967,제주대학교 학생회관 2층 출입구 방향,"제주특별자치도 제주시 제주대학로 102""",33.45479482958545,126.56059498719536,true,[],[],[],2024-04-04 02:22:20,,,
968,제주대학교 학생회관 2층 서점 앞,"제주특별자치도 제주시 제주대학로 102""",33.454848543423026,126.56048715682132,true,[],[],[],2024-04-04 02:25:03,,,
973,양양군청소년수련관,"강원특별자치도 양양군 양양읍 복개길 23-2""",38.07299599295967,128.6176780107364,true,[],[],[],2024-04-09 08:05:14,,,
